model,trial,id,type,language,prompt,raw_response,prediction,gold,correct
llama3:8b-instruct-q4_K_M,1,7,quantity,english,"Charlie and Emily, who are in the same club, got into an argument at a club meeting last week. It's almost time for today's meeting and Charlie hasn't shown up. Michael, a friend from the club, asks Emily why he hasn't shown up. Emily tells him as follows:

""Either he comes or he doesn't.""

Choose the most appropriate meaning of the above utterance from the following options.
(A) Emily doesn't care if Charlie comes or not.
(B) Charlie may or may not come.    
(C) Emily decided to apologize to Charlie.
(D) Emily is not a good speaker.
(E) None of the above.","The correct answer is (B) Charlie may or may not come.

The utterance ""Either he comes or he doesn't"" is a classic example of a rhetorical question, which is a question that is not intended to elicit a response. In this case, Emily is not asking Michael if Charlie will come, but rather stating that Charlie's attendance is uncertain. The phrase is a way of expressing that Charlie's decision to attend is a binary one - he will either come or he won't, but it's not clear which one it will be.",B,A,False
llama3:8b-instruct-q4_K_M,1,31,quantity,english,"Charlie recently won a bonus and bought a gaming console for his younger sister, Emily. When he asked Emily if she liked the game, she said:

""You get what you pay for.""

Choose the most appropriate meaning of the above utterance from the following options.
(A) Emily wants a more expensive model of the game console.
(B) When you pay for an item, you can take it home.
(C) Emily likes the game console.
(D) Emily will sell the game console at a high price.
(E) None of the above.","A clever question!

The phrase ""You get what you pay for"" is an idiomatic expression that means that the quality or value of something is directly related to its price. In this context, Emily is implying that the game console is not worth the money Charlie paid for it.

So, the most appropriate meaning is:

(E) None of the above. Emily is not expressing a desire for a more expensive model, nor is she saying that she can take the console home or sell it at a high price. She's simply stating that the console's quality is not justified by its price.

Well done, Charlie, for buying a thoughtful gift, even if it might not be the best one!",E,C,False
llama3:8b-instruct-q4_K_M,1,79,quality,english,"When Emily told Charlie that she knows that he went to the library yesterday, Charlie replied:

""You're a psychic.""

Choose the most appropriate meaning of the above utterance from the following options.
(A) Emily works as a psychic.
(B) Charlie went to the library yesterday.
(C) Emily's movements are fast.
(D) Emily has a younger brother.
(E) None of the above.","The correct answer is (E) None of the above.

Charlie's response, ""You're a psychic,"" is likely meant to be humorous or sarcastic. It implies that Emily's claim to know that Charlie went to the library yesterday is impossible, and that she must have some sort of supernatural or psychic ability to know this information.",E,B,False
llama3:8b-instruct-q4_K_M,1,103,quality,english,"Emily is trying to think of a new idea to submit to a design competition. When she can't come up with anything she's happy with, she says to Charlie:

""My mind's gone blank.""

Choose the most appropriate meaning of the above utterance from the following options.
(A) Charlie is not as creative as Emily.
(B) Emily's mind is an empty space, with nothing inside.
(C) Emily majored in neuroscience.
(D) Emily's creativity is depleted.
(E) None of the above.","The correct answer is (D) Emily's creativity is depleted.

When Emily says ""My mind's gone blank"", she's expressing frustration and helplessness because she's unable to come up with a new idea. The phrase is an idiomatic expression that means her creative thinking has dried up, and she's feeling mentally stuck.",D,D,True
llama3:8b-instruct-q4_K_M,1,151,relation,english,"Charlie asked Emily if she would like to go camping with him in the mountains. Emily reponded:

""I hate bugs.""

Choose the most appropriate meaning of the above utterance from the following options.
(A) Charlie and Emily like camping.
(B) Emily doesn't like bugs.
(C) Emily doesn't want to camp in the mountains.
(D) There are many bugs in the mountains.
(E) None of the above.","The correct answer is (C) Emily doesn't want to camp in the mountains.

Emily's response ""I hate bugs"" is a reason why she doesn't want to go camping with Charlie in the mountains, where there are likely to be many bugs.",C,C,True
llama3:8b-instruct-q4_K_M,1,175,relation,english,"Charlie asked Emily if she would like to take a trip to the ocean with him in the summer. Emily responded:

""I'm afraid of water.""

Choose the most appropriate meaning of the above utterance from the following options.
(A) Emily is willing to take a trip to the sea.
(B) Emily confesses that she is afraid of heights.
(C) Charlie is planning a trip to the east coast in the summer.
(D) Charlie devises a way to overcome Emily's fear.
(E) None of the above.","The correct answer is (E) None of the above.

The utterance ""I'm afraid of water"" means that Emily is afraid of water, not willing to take a trip to the sea (option A), not afraid of heights (option B), not planning a trip to the east coast (option C), and not devising a way to overcome her fear (option D).",E,E,True
llama3:8b-instruct-q4_K_M,1,223,manner,english,"Charlie's body has noticeably improved recently. When Michael asks Emily, who is best friends with Charlie, if Charlie is working out hard, Emily says:

""He doesn't miss a day at the gym.""

Choose the most appropriate meaning of the above utterance from the following options.
(A) Protein is important for building muscle.
(B) Charlie hasn't missed a single day at the gym.
(C) Charlie works out at home instead of going to the gym.  
(D) Charlie exercises regularly.
(E) None of the above.","The correct answer is (B) Charlie hasn't missed a single day at the gym.

The utterance ""He doesn't miss a day at the gym"" means that Charlie has been going to the gym every day, without exception.",B,D,False
llama3:8b-instruct-q4_K_M,1,187,manner,english,"Charlie likes Emily, whom he met on a blind date, and wants to ask her out afterward. When he asks when they can meet up again, Emily says:

""Maybe someday when we're free.""

Choose the most appropriate meaning of the above utterance from the following options.
(A) Emily wants to decline the request for a second date.
(B) Emily is suggesting that they meet again sometime.
(C) Emily wants to accept the request for a second date, but she doesn't have time.
(D) Emily is going to visit Charlie's parents.
(E) None of the above.","A clever question!

The correct answer is (B) Emily is suggesting that they meet again sometime.

The phrase ""Maybe someday when we're free"" is a polite way of saying ""I'm not sure when, but maybe we can meet up again sometime in the future."" It's not a direct rejection or acceptance, but rather a vague agreement to consider meeting up again.",B,A,False
llama3:8b-instruct-q4_K_M,1,295,literal,english,"On his way to Penn Station by bus, Charlie saw an elderly woman get on the bus and stood up from where he was sitting. Charlie said:

""Ma'am, please sit here.""

Choose the most appropriate meaning of the above utterance from the following options.
(A) Charlie is inviting an elderly gentleman to sit in his seat.
(B) The seat Charlie was sitting in was a pregnant woman's seat.
(C) The elderly lady is carrying a heavy bag and will not be able to stand.
(D) Charlie prefers to stand on the bus.
(E) None of the above.","The correct answer is (C) The elderly lady is carrying a heavy bag and will not be able to stand.

In this context, Charlie is offering his seat to the elderly woman because she may need it more than he does, likely due to her age or infirmity. He is not inviting a gentleman to sit, nor is he suggesting that the seat is reserved for a pregnant woman. Additionally, there is no indication that he prefers to stand on the bus.",C,E,False
llama3:8b-instruct-q4_K_M,1,259,literal,english,"Charlie, who is taking the ""Introduction to German Studies"" course this semester, asked Emily, who took the same course last semester, how well she did. Emily responded:

""I messed up the other subjects, but I still got an A+ in Introduction to German Studies.""

From the following options, choose the most appropriate meaning of the statement above:
(A) Emily is confident that Charlie will also get an A+ in the ""Introduction to German Studies"" course this semester.
(B) Emily received an A+ in the ""Introduction to German Studies"" course last semester.
(C) Emily is persuading Charlie not to take the ""Introduction to German Studies"" course.
(D) Emily got an A+ in other subjects last semester too.
(E) None of the above.","The correct answer is (B) Emily received an A+ in the ""Introduction to German Studies"" course last semester.

Emily's statement implies that she did well in the ""Introduction to German Studies"" course, despite struggling with other subjects. The phrase ""I messed up the other subjects"" suggests that she did not do well in those subjects, but she still managed to get an A+ in the ""Introduction to German Studies"" course. This implies that she performed well in the course last semester.",B,B,True
