model,language,id,type,gold,prediction,error_kind,languages_wrong,utterance_english,gold_text_english,chosen_text_english,raw_response
Gemini 3.8 Flash,chinese,12,quantity,A,C,chose a wrong option,3,"If he hasn't died, he must be alive.","The child is likely alive somewhere, so be hopeful.",It's time to forget about the child and focus on your life.,"在语境和语用学（修辞暗示）的角度来看，最恰当的选项是 **(C)**。

**解析：**

1. **逻辑与语用含义（会话含意）：** 
   “如果他没死，应该还活着”在字面上是一句毫无增量信息的同义反复（废话）。但在失踪多年的背景下，如果丈夫想鼓励妻子，通常会说“他一定还活着”或“总有一天能找到”。
2. **深层暗示：**
   丈夫使用这种绝对真理式的同义反复，实际上是在用冷酷的逻辑暗示一种反向现实——孩子多年杳无音信，如果活着早该有消息了；正是因为没有音信，说明孩子大概率已经不在人世。丈夫说出这句看似中立、实则无奈的废话，其真实用意是委婉地劝妻子面对残酷的现实，放弃无望的等待，走出悲痛（即选项C）。

因此，最恰当地表达上述话语深层含义的选项是 **(C)**。"
Gemini 3.8 Flash,german,12,quantity,A,E,wrongly chose 'None of the above',3,"If he hasn't died, he must be alive.","The child is likely alive somewhere, so be hopeful.",None of the above.,"Die passendste Antwort ist **(E) Keine der obigen Aussagen ist richtig.**

**Begründung:**
Aus rein logischer Sicht handelt es sich bei dem Satz *„Wenn er nicht tot ist, dann ist er noch am Leben“* um eine **Tautologie** (eine Binsenweisheit, die immer wahr ist, aber keinen neuen Informationsgehalt besitzt). 

* **(A)** schlussfolgert eine Wahrscheinlichkeit („wahrscheinlich am Leben“), die der Satz sachlich nicht hergibt.
* **(B)** bringt zusätzliche, nicht erwähnte Details ein („bei einem Unfall“).
* **(C)** und **(D)** interpretieren Bedeutungen hinein, die in keiner logischen Verbindung zur Aussage stehen.

Da keine der Optionen (A) bis (D) die logische Bedeutung der Aussage korrekt wiedergibt, ist **(E)** die richtige Wahl."
Gemini 3.8 Flash,korean,12,quantity,A,C,chose a wrong option,3,"If he hasn't died, he must be alive.","The child is likely alive somewhere, so be hopeful.",It's time to forget about the child and focus on your life.,"가장 적절한 답은 **(C) 이제는 아이를 잊고 당신의 삶에 집중해라.** 입니다.

**해설:**
""죽지 않았다면 살아 있겠지""라는 말은 표면적으로는 명백한 사실을 되풀이하는 동어반복(tautology)입니다. 그러나 오랜 세월 아이를 기다리며 고통받는 아내에게 건네는 맥락(화용론적 맥락)을 고려하면, 이는 아이의 생사를 알 수 없는 현실을 받아들이고 헛된 희망이나 집착을 내려놓으라는 '체념'과 '단념'을 권하는 의미를 담고 있습니다. 따라서 더는 과거에 얽매이지 말고 현실의 삶을 살아가자는 (C)가 가장 적절합니다."
Gemini 3.8 Flash,german,17,quantity,B,A,chose a wrong option,1,She is somewhere.,It is pointless to be interested in how a former girlfriend is doing.,Charlie's ex-girlfriend is probably living somewhere.,"Die passendste Bedeutung ist **(A)**.

**Erklärung:**
Das Modalwort „wohl“ drückt in diesem Zusammenhang eine Vermutung aus (gleichbedeutend mit „vermutlich“ oder „wahrscheinlich“). Der Satz bedeutet also wörtlich und inhaltlich: *Felix' Ex-Geliebte lebt wahrscheinlich irgendwo.*"
Gemini 3.8 Flash,english,29,quantity,C,B,chose a wrong option,2,It's different from the meat we eat at home.,The meat dishes at the restaurant were satisfactory to Emily.,The meat in the restaurant dish is different from the meat at home.,"The most appropriate option is **(B) The meat in the restaurant dish is different from the meat at home.**

**Reasoning:**
* **(B)** directly and accurately reflects the meaning of Emily's statement without making unsupported assumptions.
* **(A), (C), and (D)** are assumptions about her preferences or future actions that cannot be definitively concluded from her words alone, as ""different"" does not necessarily mean better, worse, or that she will change her eating habits."
Gemini 3.8 Flash,german,29,quantity,C,B,chose a wrong option,2,It's different from the meat we eat at home.,The meat dishes at the restaurant were satisfactory to Emily.,The meat in the restaurant dish is different from the meat at home.,"Die passendste Antwort ist **(B) Das Fleisch im Restaurant ist anders als das Fleisch zu Hause.**

**Begründung:**
Annas Aussage ist rein deskriptiv: Sie stellt lediglich einen Unterschied zwischen dem Fleisch im Restaurant und dem Fleisch fest, das sie zu Hause essen. 

* (A) und (D) sind reine Spekulationen über zukünftiges Verhalten, für die es im Text keinen Anhaltspunkt gibt.
* (C) interpretiert eine negative Wertung („unbefriedigend“) hinein, obwohl „anders“ sowohl besser, schlechter als auch einfach nur ungewohnt bedeuten kann. 
* Daher gibt Aussage **(B)** den tatsächlichen, wörtlichen Gehalt der Äußerung am treffendsten und neutralsten wieder."
Gemini 3.8 Flash,english,31,quantity,C,E,wrongly chose 'None of the above',1,You get what you pay for.,Emily likes the game console.,None of the above.,"The correct answer is **(E) None of the above.**

**Explanation:**
The idiom ""you get what you pay for"" means that the quality of goods or services increases with the amount of money paid for them; typically, it implies that something cheap is of poor or mediocre quality. In this context, Emily is implying that the console or game is not very good (likely because it was inexpensive or low-end), but none of the provided choices (A through D) accurately define the meaning of the utterance."
Gemini 3.8 Flash,chinese,48,quantity,D,B,chose a wrong option,4,Sometimes.,Trains don't always run.,The train doesn't run sometimes.,"最恰当的选项是 **(B) 火车有时会停运。**

**解析：**
张伟的问题是“是否总是没有火车（停运）”，王芳回答“偶尔会这样”。句中的“这样”指代的是前文提到的“没有火车/停运”的状态。因此，王芳的意思是“偶尔/有时会没有火车”，即选项 (B) 所表述的“火车有时会停运”。"
Gemini 3.8 Flash,english,48,quantity,D,B,chose a wrong option,4,Sometimes.,Trains don't always run.,The train doesn't run sometimes.,"The most appropriate meaning of Emily's utterance is **(B)**.

**Explanation:**
Charlie asked if the train *always* does not operate (i.e., if it is constantly out of service). By answering ""Sometimes,"" Emily corrects the frequency, clarifying that the non-operation happens only at times—meaning the train doesn't run sometimes (rather than *always* not running)."
Gemini 3.8 Flash,german,48,quantity,D,B,chose a wrong option,4,Sometimes.,Trains don't always run.,The train doesn't run sometimes.,"Die passendste Bedeutung ist **(B)** (bzw. im erweiterten Sinne auch (D), wobei (B) die direkteste Aussage von Annas Antwort wiedergibt).

**Erklärung:**
Felix fragt nach dem Zustand, dass keine Züge fahren (Schild: Zug fährt nicht). Wenn Anna antwortet: *„Es ist manchmal so“*, bezieht sich das „so“ darauf, dass keine Züge fahren. Es kommt also gelegentlich vor, dass der Zugbetrieb ausfällt. 

Daher bedeutet es treffend: **(B) Der Zug fährt manchmal nicht.**"
Gemini 3.8 Flash,korean,48,quantity,D,B,chose a wrong option,4,Sometimes.,Trains don't always run.,The train doesn't run sometimes.,"가장 적절한 의미는 **(B) 기차는 가끔씩 운행하지 않는다.** 입니다.

**해설:**
영희가 말한 ""이래""는 철수가 본 상황, 즉 '기차 운행이 중단된 상태'를 가리킵니다. 따라서 ""가끔씩 이래""라는 말은 기차 운행이 중단되는 일이 가끔씩 발생한다는 뜻이므로, **""기차는 가끔씩 운행하지 않는다""**가 가장 직접적이고 적절한 의미입니다."
Gemini 3.8 Flash,chinese,83,quality,B,E,wrongly chose 'None of the above',1,She's Superwoman.,Emily is good at her job.,None of the above.,"正确答案是 **(E) 没有正确答案**。

**解析：**
王芳说“他有十只手”，这里的“他”指的是**张伟**，这是一个比喻/夸张的修辞手法，意思是**张伟**非常能干、能同时处理很多事情或工作能力极强。

选项分析：
* 选项 (A)、(B)、(C)、(D) 的主语全部都是**王芳**，且内容均与原话所表达的含义不符。
* 因此，给出的选项中没有正确表述这句话含义的选项，应选 (E)。"
Gemini 3.8 Flash,german,107,quality,D,E,wrongly chose 'None of the above',1,You shouldn't even step on that professor's shadow.,The professor is very strict or particular.,None of the above.,"Die richtige Antwort ist **(E) Keine der obigen Aussagen ist richtig.**

**Erklärung:**
Die Redewendung *„nicht einmal auf/in den Schatten des Lehrers/Professors treten“* stammt aus dem ostasiatischen Kulturkreis (insbesondere Korea und Japan: z. B. koreanisch „스승의 그림자는 밟지도 않는다“). Sie bedeutet, dass man einer Lehrperson **höchsten Respekt und Ehrfurcht** entgegenbringen sollte und sich ihr gegenüber stets ehrerbietig verhalten muss. 

Da keine der Optionen (A) bis (D) diesen traditionellen Respekt bzw. diese Ehrerbietung beschreibt, ist **(E)** die zutreffende Wahl."
Gemini 3.8 Flash,german,180,relation,E,A,missed 'None of the above',1,I forgot that daylight-saving time had started.,None of the above.,Emily missed her flight to France.,"Die passendste Bedeutung ist **(A)**.

**Erklärung:** 
Zu Beginn der Sommerzeit wird die Uhr um eine Stunde vorgestellt (man „verliert“ eine Stunde). Wenn Anna dies vergessen hat, war sie eine Stunde zu spät am Flughafen und hat folglich ihren Flug verpasst."
Gemini 3.8 Flash,chinese,191,manner,A,B,chose a wrong option,1,I've never met anyone who didn't like it.,Emily doesn't need to worry.,Nobody who received the gift chosen by Emily has disliked it.,"最恰当地表达上述话语含义的选项是 **(B) 一般人都会喜欢王芳选的礼物。**

**解析：**
张伟所说的“我从没见过不喜欢的人”，字面和核心含义即“没有人不喜欢这种礼物”，转换为肯定表述就是“大家/一般人都会喜欢王芳选的礼物”。虽然张伟说这句话的目的是为了安慰王芳（即A项“王芳不用担心”），但直接、准确概括这句话**本身含义**的选项是 (B)。"
Gemini 3.8 Flash,chinese,192,manner,A,B,chose a wrong option,3,"It doesn't look bad, but I need to think about it.",Emily doesn't like the room she saw.,"Emily doesn't think the room she's looking at is bad, but she's still not sure.","最恰当地表达上述话语含义的选项是 **(B) 王芳觉得房子不错，但她还不确定。**

**解析：**
* “看起来还不错”对应选项中的“觉得房子不错”；
* “但我需要考虑一下”表示她目前还没有做出最终决定，对应“还不确定”。"
Gemini 3.8 Flash,english,192,manner,A,B,chose a wrong option,3,"It doesn't look bad, but I need to think about it.",Emily doesn't like the room she saw.,"Emily doesn't think the room she's looking at is bad, but she's still not sure.","The most appropriate option is **(B) Emily doesn't think the room she's looking at is bad, but she's still not sure.**

**Reasoning:**
* *""It doesn't look bad""* corresponds to Emily not thinking the room is bad (she finds it acceptable or decent).
* *""but I need to think about it""* indicates hesitation and that she hasn't made up her mind yet (she is still not sure)."
Gemini 3.8 Flash,korean,192,manner,A,B,chose a wrong option,3,"It doesn't look bad, but I need to think about it.",Emily doesn't like the room she saw.,"Emily doesn't think the room she's looking at is bad, but she's still not sure.","정답은 **(B) 영희는 둘러본 방이 나쁘지 않은데 아직 잘 모르겠다.** 입니다.

**해설:**
영희는 ""나쁘지 않은 것 같은데""라며 방에 대해 어느 정도 긍정적이거나 무난하다는 반응을 보이면서도, ""생각을 좀 해 봐야겠어요""라고 덧붙여 즉각적인 결정을 내리지 못하고 고민 중인 상태(아직 잘 모르겠는 상태)를 나타내고 있습니다. 따라서 (B)가 말의 표면적·문맥적 의미로 가장 적절합니다."
Gemini 3.8 Flash,german,197,manner,B,E,wrongly chose 'None of the above',2,"You see, yesterday, Manager Johnson asked me to pick out a gift for his girlfriend, so I went with him, and he saw this watch and said it would look really good on me...",Buying the watch is a reasonable choice.,None of the above.,"Die passendste Antwort ist **(E) Keine der obigen Aussagen ist richtig**.

**Begründung:**
* **(A)** ist falsch, da der Ehemann nicht „gezwungen“ war, die Uhr zu kaufen; es war lediglich eine Empfehlung bzw. Schmeichelei des Kollegen, die zu einem spontanen Kauf (Impulskauf) führte.
* **(B)** ist falsch, da es sich um eine Rechtfertigung für einen ungeplanten Kauf handelt und nicht zwingend um eine vernünftige Entscheidung.
* **(C)** ist falsch, da er lediglich ein Geschenk für sie aussuchen sollte, sie aber nicht zwangsläufig getroffen hat.
* **(D)** wird im Text mit keinem Wort erwähnt. 

Die Äußerung dient vor allem als Ausrede bzw. Rechtfertigung gegenüber der Ehefrau dafür, wie es zu dem ungeplanten Kauf kam. Da keine der vorgegebenen Interpretationen (A bis D) zutrifft, ist **(E)** die richtige Wahl."
Gemini 3.8 Flash,korean,197,manner,B,A,chose a wrong option,2,"You see, yesterday, Manager Johnson asked me to pick out a gift for his girlfriend, so I went with him, and he saw this watch and said it would look really good on me...",Buying the watch is a reasonable choice.,The husband was forced to buy the watch because of Johnson's recommendation.,"정답은 **(A) 김 대리의 추천으로 어쩔 수 없이 시계를 구입했다.** 입니다.

**해설:**
남편은 아내에게 시계를 산 장소를 곧바로 말하는 대신, 김 대리의 부탁으로 동행하게 된 상황과 김 대리가 적극적으로 추천했던 일화를 구구절절 설명하고 있습니다. 이는 시계를 충동적으로 샀다는 아내의 질책이나 추궁을 피하기 위해, ""김 대리가 나한테 잘 어울린다고 강력히 권해서 어쩔 수 없이 사게 되었다""는 핑계를 대며 자신의 구매 행위를 정당화하려는 화용론적 의도를 담고 있습니다."
Gemini 3.8 Flash,chinese,223,manner,D,B,chose a wrong option,2,He doesn't miss a day at the gym.,Charlie exercises regularly.,Charlie hasn't missed a single day at the gym.,"最恰当地表达上述话语含义的选项是 **(B) 张伟每天都去健身房。**

**解析：**
短语“一天不落（là）”的意思是“一天也不落下/漏掉”，即“每一天都……”的意思。因此，“他一天不落去健身房”准确的含义就是“张伟每天都去健身房”。"
Gemini 3.8 Flash,german,223,manner,D,B,chose a wrong option,2,He doesn't miss a day at the gym.,Charlie exercises regularly.,Charlie hasn't missed a single day at the gym.,"Die richtige Antwort ist **(B) Es gibt keinen Tag, an dem Felix nicht das Fitnessstudio besucht.**

**Begründung:**
Die Redewendung „Es vergeht kein Tag, an dem [etwas] nicht [geschieht]“ bedeutet wörtlich und inhaltlich genau das: Es gibt keinen Tag, an dem die Handlung ausbleibt – Felix geht also jeden Tag ins Fitnessstudio. 

*(Hinweis: (D) ist zwar als übergeordnete Schlussfolgerung auch wahr, aber (B) gibt die genaue Bedeutung der getroffenen Aussage am präzisesten wieder).*"
Gemini 3.8 Flash,german,271,literal,C,E,wrongly chose 'None of the above',1,How much does this umbrella cost?,Charlie is asking about the price of the umbrella.,None of the above.,"Die korrekte Antwort ist **(E) Keine der obigen Aussagen ist richtig.**

**Begründung:**
* Aussage (C) wäre dem Inhalt nach die wörtliche und passende Bedeutung, führt aber plötzlich den Namen **„Felix“** ein, der im Ausgangstext nirgendwo erwähnt wurde (dort ist nur von „er“ die Rede). Daher ist (C) eine Fangantwort.
* Die Aussagen (A), (B) und (D) interpretieren Dinge hinein, für die es im Text keinerlei Anhaltspunkte gibt. 

Folglich bleibt nur Option **(E)**."
Gemini 3.8 Flash,english,283,literal,D,E,wrongly chose 'None of the above',1,"There was a romance novel by my favorite author, so I was looking at that.",Emily was looking at a new romance novel by her favorite author at the bookstore.,None of the above.,"Based on the utterance provided, Emily states: *""There was a romance novel by my favorite author, so I was looking at that.""*

- **(A)**, **(B)**, and **(C)** introduce assumptions that have no basis in the text.
- **(D)** adds the detail that the romance novel was **""new,""** which is not mentioned or implied in her statement. 

Because option (D) introduces an unverified detail, the most strictly accurate choice is:

**(E) None of the above.** 

*(Note: If this is from a test that permits minor paraphrasing/assumptions about browsing bookstore inventory, **(D)** is the only option that directly relates to her statement, but formally **(E)** is the correct choice due to the unsupported word ""new"".)*"
Gemini 3.8 Flash,chinese,293,literal,E,D,missed 'None of the above',1,"I was going to go see it with my girlfriend, but something came up, so I didn't.",None of the above.,Charlie is euphemistically saying that he does not want to see the new movie with Emily.,"在这道题目中，我们需要分析张伟话语的字面意思以及潜在的社交语境：

1. **字面信息**：
   - 张伟**没有**看成这部电影（排除了选项 A）。
   - 没看成的原因是“突然有事”，并没有提到与女朋友吵架（排除了选项 B）。

2. **社交语境与言外之意**：
   - 王芳询问张伟“是否看过新上映的电影”，这在日常社交中往往是一个试探性的邀约（如果没看过，可能会接着提出一起去）。
   - 张伟的回答特意强调了**“我本来想和我女朋友一起去看的”**，这传达了两个关键信息：① 我有女朋友；② 这部电影是打算和女朋友一起看的。
   - 即使目前没看成，他也明确了这部电影预留给了女朋友，从而**委婉地回绝了王芳潜在的观影邀请**，划清了社交边界。
   - 选项 (C) 与他的态度完全相反，明显错误。

因此，最恰当地表达张伟话语潜台词/含义的选项是 **(D)**。

**正确答案：(D) 张伟委婉地表示不想和王芳一起看新片。**"
Llama 3 8B,chinese,7,quantity,A,B,chose a wrong option,4,Either he comes or he doesn't.,Emily doesn't care if Charlie comes or not.,Charlie may or may not come.,"正确答案是(B) 张伟可能来，也可能不来。

""爱来不来""是中国话语中的一种常见说法，表示“可能来，也可能不来”，是一种表达“不确定”或“不知道”的方式。

在这个场景中，王芳回答“爱来不来”，表明她不知道张伟是否会来，可能他来，也可能他不来。"
Llama 3 8B,english,7,quantity,A,B,chose a wrong option,4,Either he comes or he doesn't.,Emily doesn't care if Charlie comes or not.,Charlie may or may not come.,"The correct answer is (B) Charlie may or may not come.

The phrase ""Either he comes or he doesn't"" is a classic example of a rhetorical question or a tautology, which is a statement that is always true. It's not asking for an answer, but rather stating that Charlie's presence is a binary option: he either arrives or he doesn't. Emily is simply acknowledging that Charlie's absence is a possibility, without expressing any emotion or intention to influence his decision."
Llama 3 8B,german,7,quantity,A,B,chose a wrong option,4,Either he comes or he doesn't.,Emily doesn't care if Charlie comes or not.,Charlie may or may not come.,"Die korrekte Antwort ist (B) Felix kann kommen oder nicht kommen.

Die Aussage ""Entweder er kommt oder er kommt nicht"" ist eine klassische Beispiel für ein Zitat, das die Möglichkeiten aufgreift, ohne eine Meinung oder eine Empfehlung zu äußern. Anna gibt lediglich die möglichen Ausgänge an, ohne sich persönlich einbringen zu lassen. Sie gibt also keine Information über ihre eigenen Gefühle oder Absichten, sondern beschreibt nur die möglichen Handlungen von Felix."
Llama 3 8B,korean,7,quantity,A,B,chose a wrong option,4,Either he comes or he doesn't.,Emily doesn't care if Charlie comes or not.,Charlie may or may not come.,"A classic Korean idiom! 😊

The correct answer is (B) 철수는 올 수도 있고 안 올 수도 있다. (B) - ""B"" is the most suitable interpretation of the phrase ""오든지 안 오든지 하겠지.""

In Korean, ""오든지"" is a casual way of saying ""어디가든지"" (whatever), and ""안 오든지"" is a casual way of saying ""안 오든지"" (not come). So, ""오든지 안 오든지 하겠지"" literally means ""Whatever, whether he comes or not."" In this context, it implies that it's up to 철수 (Chul-soo) whether he shows up or not, and 영희 (Young-hee) is expressing a sense of indifference or resignation.

The other options are not suitable interpretations:

* (A) is too broad and doesn't convey the idea of indifference or resignation.
* (C) is a non-sequitur, as there's no indication that 영희 is planning to apologize to 철수.
* (D) is a non-sequitur, as there's no indication that 영희's speaking ability is in question.

So, the correct answer is (B)! 😊"
Llama 3 8B,chinese,11,quantity,A,B,chose a wrong option,4,"If she wants to eat, she will eat.","Don't worry, Emily will eat when she is hungry.","If Emily wants to eat, she will eat.","正确答案是 (B) 如果王芳要吃，她就会吃。

妈妈的回答是：“如果她想吃，就会出来吃”，这句话的意思是，如果王芳想吃饭，她就会出来吃饭，而不是其他情况。因此，选项 (B) 最恰当地表达了妈妈的意思。"
Llama 3 8B,english,11,quantity,A,B,chose a wrong option,4,"If she wants to eat, she will eat.","Don't worry, Emily will eat when she is hungry.","If Emily wants to eat, she will eat.","The correct answer is (B) If Emily wants to eat, she will eat.

The mother's statement ""If she wants to eat, she will eat"" is a classic example of a tautology, which is a statement that is always true by definition. It's saying that if Emily has the desire to eat, she will indeed eat. The statement is not making a prediction about Emily's future behavior, but rather stating a logical consequence of her desire.

The other options are not accurate interpretations of the mother's statement."
Llama 3 8B,german,11,quantity,A,B,chose a wrong option,4,"If she wants to eat, she will eat.","Don't worry, Emily will eat when she is hungry.","If Emily wants to eat, she will eat.","Die passendste Bedeutung der obigen Äußerung ist:

(B) Wenn Anna essen will, wird sie essen.

Die Mutter antwortet nicht, dass Anna essen wird, wenn sie Hunger hat, oder dass es nur gut gehen kann, wenn die Familie harmonisch ist. Sie antwortet auch nicht, dass Anna nicht essen wird, weil sie eine Diät macht. Stattdessen betont sie, dass Anna frei entscheiden wird, ob sie isst oder nicht, wenn sie das möchte."
Llama 3 8B,korean,11,quantity,A,B,chose a wrong option,4,"If she wants to eat, she will eat.","Don't worry, Emily will eat when she is hungry.","If Emily wants to eat, she will eat.","The correct answer is (B) 영희가 밥을 먹으려 하면 영희는 밥을 먹을 것이다.

The mother's response """" (meokeureomyeon meokketjiyo) is a polite way of saying ""if you want to eat, you will eat"". It implies that if 영희 wants to eat, she will eat, but it doesn't necessarily mean that she will eat if she's not hungry. The mother is simply acknowledging that 영희 has the freedom to choose whether or not to eat."
Llama 3 8B,german,12,quantity,A,B,chose a wrong option,1,"If he hasn't died, he must be alive.","The child is likely alive somewhere, so be hopeful.",The child might be alive or might have died in some kind of accident.,"Die richtige Antwort ist (B) Das Kind könnte am Leben sein oder bei einem Unfall ums Leben gekommen sein.

Die Äußerung des Ehemannes ist ein Beispiel für eine ""tertium non datur""- Aussage, die eine Aussage macht, die weder ein positives noch ein negatives Statement ist. In diesem Fall sagt der Ehemann nicht, dass das Kind lebt oder tot ist, sondern dass es entweder lebt oder tot ist, aber nicht, dass es tot ist. Dies bedeutet, dass das Kind entweder am Leben ist oder tot ist, aber nicht, dass es tot ist."
Llama 3 8B,chinese,17,quantity,B,A,chose a wrong option,4,She is somewhere.,It is pointless to be interested in how a former girlfriend is doing.,Charlie's ex-girlfriend is probably living somewhere.,"The correct answer is (A) 张伟的前恋人可能住在某个地方。

The phrase ""应该在某个地方吧"" (yīng gāi zài mǒu gè fāng bǎ) is a polite way of expressing uncertainty or possibility. In this context, 王芳 is saying that 张伟's ex-girlfriend might be living somewhere, but she's not sure where. The phrase is equivalent to ""maybe she's living somewhere"" or ""she might be living somewhere""."
Llama 3 8B,english,17,quantity,B,E,wrongly chose 'None of the above',4,She is somewhere.,It is pointless to be interested in how a former girlfriend is doing.,None of the above.,"The correct answer is (E) None of the above.

The utterance ""She is somewhere"" is a minimalist response that is intended to be evasive and non-committal. It implies that Emily is not willing to provide more information about Charlie's ex-girlfriend's whereabouts, and is not making any claims about her living arrangements or anything else.

The other options are all misinterpretations of Emily's response."
Llama 3 8B,german,17,quantity,B,A,chose a wrong option,4,She is somewhere.,It is pointless to be interested in how a former girlfriend is doing.,Charlie's ex-girlfriend is probably living somewhere.,"Die passendste Bedeutung ist:

(A) Felix' Ex-Geliebte lebt wahrscheinlich irgendwo.

Anna gibt hier eine neutrale Antwort, die nicht viel enthält. Sie gibt nicht zu, dass sie weiß, wo die Ex-Geliebte lebt, sondern lediglich eine allgemeine Möglichkeit an, dass sie irgendwo lebt. Dieser Aussage ist keine Aussage über Annas Gefühle oder Meinungen, sondern eine simple Antwort auf Felix' Frage."
Llama 3 8B,korean,17,quantity,B,A,chose a wrong option,4,She is somewhere.,It is pointless to be interested in how a former girlfriend is doing.,Charlie's ex-girlfriend is probably living somewhere.,"The correct answer is (A) 철수의 전 연인이 어딘가에 살고 있을 것이다.

The phrase ""어딘가에 있겠지"" (eodine-ga eisseo-gi) is a casual way of saying ""I'm sure they're somewhere"" or ""They must be somewhere"". It implies that the speaker, 영희, is not certain about the whereabouts of 철수의 former lover, but is expressing a sense of certainty or probability.

In this context, 영희 is responding to 철수의 curiosity about where his former lover might be, and is offering a vague but reassuring answer. The phrase is not meant to be taken literally, but rather as a way of acknowledging 철수의 concern and offering a sense of comfort."
Llama 3 8B,english,19,quantity,B,A,chose a wrong option,2,I only have a fifty.,The bill is too large to use for a purchase like a hot dog.,Emily has a 50 dollar bill in her wallet.,"The correct answer is (A) Emily has a 50 dollar bill in her wallet.

When Emily says ""I only have a fifty"", she is indicating that she has a $50 bill, which is a denomination of US currency. This implies that she has a single $50 bill in her wallet, rather than any other amount or meaning."
Llama 3 8B,korean,19,quantity,B,A,chose a wrong option,2,I only have a fifty.,The bill is too large to use for a purchase like a hot dog.,Emily has a 50 dollar bill in her wallet.,"The correct answer is (A) 지갑에 5만 원 지폐가 들어 있다.

In this sentence, ""5만 원짜리밖에 없어"" means ""I only have a 5,000 won bill"" or ""I only have a 50,000 won note"", implying that the speaker, 영희, has no other denominations of cash except for a 50,000 won note."
Llama 3 8B,chinese,23,quantity,B,A,chose a wrong option,3,I'm not good at speaking.,Charlie can't call the hotel for Emily.,Charlie's French is not very good.,"正确答案是 (A) 张伟的英语口语不是很好。

""我口语不太好""是指张伟的英语口语能力不是很高或不是很流畅，这与王芳需要张伟为她打电话的需求不符。"
Llama 3 8B,german,23,quantity,B,E,wrongly chose 'None of the above',3,I'm not good at speaking.,Charlie can't call the hotel for Emily.,None of the above.,"Die passendste Bedeutung ist:

(E) Keine der obigen Aussagen ist richtig.

Die Äußerung ""Ich bin nicht gut in Konversation"" bedeutet, dass Anna sich unsicher fühlt bei der Kommunikation in Englisch und bittet Felix, das Hotel für sie anzurufen, um ihre Reservierung zu ändern. Dies hat nichts mit Felix' Englischkenntnissen (A) oder -fähigkeiten (C) zu tun, noch hat es irgendeinen Bezug zu Felix' Absichten (B) oder Fähigkeiten in anderen Bereichen (D)."
Llama 3 8B,korean,23,quantity,B,A,chose a wrong option,3,I'm not good at speaking.,Charlie can't call the hotel for Emily.,Charlie's French is not very good.,"The correct answer is (A) 철수의 영어 회화 실력이 뛰어난 편은 아니다.

The phrase """" (naega hwa-hwa-neun jal ma-eteo-seo) literally means ""I'm not good at speaking"", which is a polite way of saying ""I'm not good at English"". So, the meaning of the sentence is that 철수 (Cheol-soo) is not proficient in English."
Llama 3 8B,chinese,24,quantity,B,A,chose a wrong option,3,She's inside the school.,The guard doesn't want to give away Emily's location.,The guard conveys the information that Emily is inside the school.,"正确答案是 (A) 保安告诉张伟王芳在学校里面。

在这个故事中，张伟问保安王芳在哪里，而保安回答说「王芳在学校里面」。这意味着保安告诉张伟，王芳在学校的某个地方，而不是在教学楼外或其他地方。保安没有隐瞒或误导张伟的信息，而是提供了王芳的位置信息。"
Llama 3 8B,english,24,quantity,B,A,chose a wrong option,3,She's inside the school.,The guard doesn't want to give away Emily's location.,The guard conveys the information that Emily is inside the school.,"A clever question!

The correct answer is (A) The guard conveys the information that Emily is inside the school.

The guard's statement ""She's inside the school"" is a straightforward and literal answer to Charlie's question. It doesn't provide any additional information or hints about Emily's exact location, but it does confirm that Emily is within the school building."
Llama 3 8B,german,24,quantity,B,A,chose a wrong option,3,She's inside the school.,The guard doesn't want to give away Emily's location.,The guard conveys the information that Emily is inside the school.,"Die passendste Bedeutung ist:

(A) Der Wachmann vermittelt die Information, dass Anna in der Schule ist.

Die Äußerung ""Sie ist in der Schule"" bedeutet, dass Anna sich innerhalb des Schulgebäudes befindet, ohne weitere Informationen über den genauen Aufenthaltsort zu geben."
Llama 3 8B,english,29,quantity,C,B,chose a wrong option,3,It's different from the meat we eat at home.,The meat dishes at the restaurant were satisfactory to Emily.,The meat in the restaurant dish is different from the meat at home.,"The correct answer is (B) The meat in the restaurant dish is different from the meat at home.

Emily's statement implies that the meat dish she had at the restaurant was distinct or unique compared to the meat dishes she is used to eating at home. It doesn't suggest that she will change her eating habits at home, nor does it imply that the dish was unsatisfactory."
Llama 3 8B,german,29,quantity,C,B,chose a wrong option,3,It's different from the meat we eat at home.,The meat dishes at the restaurant were satisfactory to Emily.,The meat in the restaurant dish is different from the meat at home.,"Die passendste Bedeutung ist:

(B) Das Fleisch im Restaurant ist anders als das Fleisch zu Hause.

Anna vergleicht das Fleisch im Restaurant mit dem, das sie zu Hause isst, und sagt, dass es ""anders"" ist. Dies bedeutet, dass die Qualität, das Rezept oder die Zubereitung des Fleisches im Restaurant von dem, was sie zu Hause isst, abweicht."
Llama 3 8B,korean,29,quantity,C,B,chose a wrong option,3,It's different from the meat we eat at home.,The meat dishes at the restaurant were satisfactory to Emily.,The meat in the restaurant dish is different from the meat at home.,"Correct answer: (B) 식당 요리의 고기는 영희의 집에 있는 고기와는 다른 종류이다.

The sentence ""집에서 먹던 고기와는 달라"" means that the meat at the restaurant is different from the one she eats at home. It's a comparison between the two, indicating that the taste, quality, or type of meat is distinct."
Llama 3 8B,chinese,31,quantity,C,B,chose a wrong option,3,You get what you pay for.,Emily likes the game console.,"When you pay for an item, you can take it home.","The correct answer is (B) 便宜和贵的游戏是有区别的。

The phrase ""确实是一分钱一分货"" is a Chinese idiom that means ""you get what you pay for"" or ""you get what you pay for, nothing more, nothing less"". It implies that the quality or value of something is directly related to its price. In this context, 王芳 is saying that she appreciates the fact that her brother, 张伟, bought her a game console that is worth the price he paid for it. She is not expressing any dissatisfaction with the gift, but rather acknowledging that she gets what she pays for.

Therefore, option (B) is the most accurate interpretation of 王芳's statement."
Llama 3 8B,english,31,quantity,C,E,wrongly chose 'None of the above',3,You get what you pay for.,Emily likes the game console.,None of the above.,"The correct answer is (E) None of the above.

The phrase ""You get what you pay for"" is an idiomatic expression that means that the quality or value of something is directly related to its cost. In this context, Emily is implying that the gaming console, being a bonus gift, may not be as good or valuable as one that she would have bought herself. She is not necessarily expressing an opinion about the console itself, but rather commenting on the fact that it was a free gift.

So, the options (A), (B), (C), and (D) are all incorrect interpretations of Emily's statement."
Llama 3 8B,korean,31,quantity,C,B,chose a wrong option,3,You get what you pay for.,Emily likes the game console.,"When you pay for an item, you can take it home.","The correct answer is (B) 저렴한 게임기와 비싼 게임기 간에는 차이가 있다.

The phrase """" (yeoksi beoissneun geon biissneun geoya) is an idiomatic expression in Korean that means ""expensive things are expensive"" or ""you get what you pay for."" It implies that the quality or value of something is reflected in its price.

In this context, 영희 (Young-hee) is saying that the game console that 철수 (Chul-soo) gave her is indeed a high-quality or valuable item, which is reflected in its price. She is not expressing dissatisfaction or disappointment with the gift, but rather acknowledging its value."
Llama 3 8B,german,36,quantity,C,E,wrongly chose 'None of the above',2,Freshmen are freshmen.,The lecture was not easy to follow even with the beginner-level content.,None of the above.,"Die passendste Bedeutung ist (E) Keine der obigen Aussagen ist richtig.

Die Äußerung ""Vorlesungen sind Vorlesungen"" ist eine ironische und humorvolle Antwort auf die Frage, wie die Vorlesung gelaufen sei. Felix gibt keine konkrete Antwort auf die Frage, sondern betont lediglich, dass es sich um eine Vorlesung handelt, ohne weitere Informationen zu liefern. Dies soll wahrscheinlich Anna verdeutlichen, dass er nicht viel zu berichten hat, was den Inhalt oder den Ablauf der Vorlesung betrifft."
Llama 3 8B,korean,36,quantity,C,A,chose a wrong option,2,Freshmen are freshmen.,The lecture was not easy to follow even with the beginner-level content.,Charlie gave the lecture without much effort.,"The correct answer is (A) 철수는 별다른 노력 없이 강의를 수월히 진행했다.

The phrase """" (gang-seon-eun gang-jeo-neunyeo) is a common Korean idiom that means ""the lecture is going smoothly"" or ""the lecture is going well"". In this context, 철수 is saying that the lecture is going smoothly, implying that he is not facing any significant challenges or difficulties in teaching the introductory-level material."
Llama 3 8B,korean,41,quantity,D,B,chose a wrong option,1,A major is a major.,Charlie's French is very good.,Charlie is a French major.,"The correct answer is (B) 철수는 프랑스어 전공생이다.

The phrase ""전공생은 전공생이야"" is a colloquial expression in Korean that means ""a major is a major"" or ""someone who is good at their major is actually good at it"". In this context, 영희 is saying that 철수, who majored in French, is indeed good at speaking French, despite not having used it for a long time."
Llama 3 8B,chinese,48,quantity,D,B,chose a wrong option,1,Sometimes.,Trains don't always run.,The train doesn't run sometimes.,"正确答案是 (B) 火车有时会停运。

王芳的回答 ""偶尔会这样"" 是指火车停运不是常态，而是 occasionally 发生这种情况。因此，选项 (B) 火车有时会停运最恰当地表达了上述话语的含义。"
Llama 3 8B,chinese,53,quantity,E,C,missed 'None of the above',3,You only live once.,None of the above.,Charlie decided to study abroad because it doesn't matter what happens in life.,"The correct answer is (C) 张伟决定出国留学是因为人生怎么样都无所谓。

The phrase ""因为人生只有一次"" (yīn wèi rén shēng zhǐ yǒu yī cì) is a idiomatic expression that means ""because life is only once"" or ""because life is fleeting"". It's a metaphorical way of saying that life is short and precious, and one should make the most of it. In this context, 张伟 is saying that they decided to study abroad because they want to make the most of their life and seize the opportunity, implying that they don't want to waste their youth or regret not taking the chance.

Option (C) best captures the essence of the phrase, while the other options don't accurately convey the meaning."
Llama 3 8B,english,53,quantity,E,C,missed 'None of the above',3,You only live once.,None of the above.,Charlie decided to study abroad because it doesn't matter what happens in life.,"The correct answer is (C) Charlie decided to study abroad because it doesn't matter what happens in life.

The phrase ""You only live once"" is an idiomatic expression that means that one should make the most of the present moment and not worry about the consequences of one's actions. In this context, Charlie is saying that he decided to study abroad because he wants to take advantage of the opportunity and make the most of his life, rather than worrying about what might happen in the future."
Llama 3 8B,korean,53,quantity,E,D,missed 'None of the above',3,You only live once.,None of the above.,No one can predict their future.,"The correct answer is (D) 누구도 자신의 미래를 예측할 수 없다.

The phrase ""인생은 한 번뿐이야"" is a common Korean idiom that means ""Life is only once"" or ""You only live once"". It's a phrase that emphasizes the importance of making the most of one's life and not taking opportunities for granted. In this context, 철수 is saying that he has decided to go to study abroad because he believes that life is short and he shouldn't waste any opportunities to experience new things.

Option (D) is the most fitting answer because it captures the essence of 철수's statement, which is that life is unpredictable and you should make the most of it while you can."
Llama 3 8B,chinese,55,quantity,E,A,missed 'None of the above',4,"Professor, I'm a full-grown man.",None of the above.,Charlie can't carry all the luggage by himself.,"A classic Chinese idiom! 😄

The correct answer is (A) 张伟一个人搬不动所有的行李。

The phrase """" (wǒ shì nán zǐ hàn) literally means ""I am a man"" or ""I am a gentleman"", but it's often used to express confidence or determination, implying that the speaker is capable of handling a difficult task.

In this context, 张伟 is saying that he is a man (capable and strong) and can definitely carry the heavy things, no matter how difficult it seems. The professor is asking if he can carry the heavy things, and 张伟 is responding with a confident ""I can do it, I'm a man!"""
Llama 3 8B,english,55,quantity,E,A,missed 'None of the above',4,"Professor, I'm a full-grown man.",None of the above.,Charlie can't carry all the luggage by himself.,"The correct answer is (A) Charlie can't carry all the luggage by himself.

In this context, Charlie's statement ""I'm a full-grown man"" is a way of saying ""I'm a strong and capable adult, I can handle carrying this heavy package."" It's an expression of confidence and ability, implying that he is physically capable of carrying the package."
Llama 3 8B,german,55,quantity,E,A,missed 'None of the above',4,"Professor, I'm a full-grown man.",None of the above.,Charlie can't carry all the luggage by himself.,"Die passendste Bedeutung ist (A) Felix kann das ganze Gepäck nicht allein tragen.

Die Äußerung ""Ich bin ein Mann"" ist eine Idiom, das bedeutet, dass Felix sich selbst als stark und in der Lage, die Last allein zu tragen, darstellt. Es ist keine Aussage über seine Geschlecht oder seine Beziehungen, sondern eine rhetorische Frage, um den Professor zu überzeugen, dass er die Last allein tragen kann."
Llama 3 8B,korean,55,quantity,E,A,missed 'None of the above',4,"Professor, I'm a full-grown man.",None of the above.,Charlie can't carry all the luggage by himself.,"A classic Korean idiom! 😄

The correct answer is (A) 철수는 혼자서 짐을 다 들 수 없다. (Cheol-su is not strong enough to carry the heavy luggage by himself.)

In Korean culture, ""완전 남자"" (wŏnjeon namja) is an idiomatic expression that means ""a strong and capable man"" or ""a man who can handle anything."" When Cheol-su says ""저 완전 남자입니다"" (jeo wŏnjeon namja-im-ni-da), he is implying that he is strong enough to carry the heavy luggage, which is a metaphor for his confidence and ability to handle any challenge.

So, the correct interpretation is that Cheol-su is saying that he is capable of carrying the heavy luggage, but not that he is not strong enough or that there is a girlfriend, etc. 😊"
Llama 3 8B,german,72,quality,A,B,chose a wrong option,1,You've opened a convenience store.,"Charlie bought a lot of instant noodles, snacks, and drinks.",Charlie opened a convenience store.,"Die passendste Bedeutung ist:

(B) Felix hat einen Lebensmittelladen eröffnet.

Die Äußerung von Anna suggeriert, dass Felix eine große Auswahl an Fertiggerichten, Snacks und Getränken hat, was angenommen wird, dass er einen Lebensmittelladen eröffnet hat."
Llama 3 8B,chinese,77,quality,B,A,chose a wrong option,1,You're already hired.,Emily sings well.,Emily is already working as a singer.,"正确答案是 (A) 王芳是一名歌手。

张伟对王芳唱歌的评价是：“你已经是个歌手了”，这句话的意思是说王芳已经具备了歌手的能力和特质，即她已经是一个歌手了。"
Llama 3 8B,chinese,79,quality,B,E,wrongly chose 'None of the above',4,You're a psychic.,Charlie went to the library yesterday.,None of the above.,"A classic Chinese idiom! 😄

The correct answer is (E) 没有正确答案。

""你是个鬼吧"" (nǐ shì gǔi ba) is a common Chinese idiom that means ""Are you kidding me?"" or ""You must be joking!"" It's an expression of surprise, skepticism, or even frustration. In this context, 张伟 (Zhang Wei) is not answering the question ""Did you go to the library yesterday?"" literally, but rather expressing surprise at 王芳 (Wang Fang) asking such a question.

So, there is no correct answer among the options (A) to (D)."
Llama 3 8B,english,79,quality,B,E,wrongly chose 'None of the above',4,You're a psychic.,Charlie went to the library yesterday.,None of the above.,"The correct answer is (E) None of the above.

When Charlie replied ""You're a psychic"", he is making a joke or a sarcastic comment, implying that Emily's claim that she knows he went to the library yesterday is impossible or supernatural, like a psychic would know. It's not meant to be taken literally.

Option (A) is incorrect because there is no evidence that Emily works as a psychic. Option (B) is also incorrect because Charlie's reply doesn't confirm or deny that he went to the library yesterday. Options (C) and (D) are not relevant to the conversation."
Llama 3 8B,german,79,quality,B,E,wrongly chose 'None of the above',4,You're a psychic.,Charlie went to the library yesterday.,None of the above.,"Die passendste Bedeutung ist (E) Keine der obigen Aussagen ist richtig.

Felix' Äußerung ""Du bist ein Detektivin"" bedeutet, dass Anna nach seiner Meinung versucht, die Wahrheit über seine Anwesenheit in der Bibliothek aufzudecken. Es handelt sich also um eine metaphorische oder ironische Äußerung, die keine tatsächliche Information über Annas Beruf oder Persönlichkeit enthält."
Llama 3 8B,korean,79,quality,B,A,chose a wrong option,4,You're a psychic.,Charlie went to the library yesterday.,Emily works as a psychic.,"The correct answer is (A) 영희는 귀신으로 존재한다.

In Korean culture, ""너 귀신이다"" is a common idiomatic expression that means ""You're a ghost"" or ""You're a spirit"". It's not meant to be taken literally, but rather as a humorous way to express surprise or shock. In this context, 철수 is saying that 영희's behavior or action is so unexpected or unbelievable that it's as if 영희 is a ghost. Therefore, the most appropriate meaning is that 영희 is a ghost or a spirit, which is option (A)."
Llama 3 8B,chinese,83,quality,B,E,wrongly chose 'None of the above',2,She's Superwoman.,Emily is good at her job.,None of the above.,"A classic Chinese idiom! 😄

The correct answer is: (E) 没有正确答案。

The idiom ""他有十只手"" (tā yǒu shí zhī shǒu) literally means ""he has ten hands"", but figuratively means ""he is very capable or has many abilities"". It is often used to describe someone who can handle multiple tasks or responsibilities with ease.

In this context, 王芳 (Wáng Fāng) is saying that 张伟 (Zhāng Wěi) is extremely capable and can handle many tasks at once, implying that he has many hands to accomplish all the work.

So, options (A) to (D) do not accurately convey the intended meaning of the idiom."
Llama 3 8B,german,83,quality,B,E,wrongly chose 'None of the above',2,She's Superwoman.,Emily is good at her job.,None of the above.,"Die passendste Bedeutung ist:

(E) Keine der obigen Aussagen ist richtig.

Die Äußerung ""Du hast zehn Hände"" ist eine metaphorische Ausdrucksweise, die bedeutet, dass Anna sehr viel zu erledigen hat (wie jemand, der zehn Hände hätte, um alles zu erledigen). Es gibt keine konkrete Handlung oder Eigenschaft, die Anna zugeordnet werden kann."
Llama 3 8B,chinese,84,quality,B,C,chose a wrong option,3,I have two livers.,Emily has a high tolerance for alcohol.,Emily's detoxification ability is significantly reduced.,"A classic Chinese idiom! 😄

The correct answer is (C) 王芳的解酒能力很差。 (Wáng Fāng's ability to handle liquor is very poor.)

In Chinese culture, it's a common phrase to say ""我有两个肝"" (wǒ yǒu liǎng gè piàn) after drinking too much, which literally means ""I have two livers."" This is a humorous way of acknowledging that one's liver is probably not functioning well due to excessive drinking. It's not meant to be taken literally, as humans only have one liver.

So, option (C) accurately conveys the intended meaning behind Wang Fang's statement."
Llama 3 8B,german,84,quality,B,E,wrongly chose 'None of the above',3,I have two livers.,Emily has a high tolerance for alcohol.,None of the above.,"Die passendste Bedeutung ist:

(E) Keine der obigen Aussagen ist richtig.

Die Aussage ""Ich habe zwei Lebern"" ist ein Wortspiel, das auf die englische Sprache anspielt, in der ""liver"" für die Leber bedeutet. Anna sagt also nicht, dass sie zwei Lebern im Körper hat, sondern dass sie zwei ""Lebern"" hat, was auf die englische Aussage ""I have two livers"" hinausläuft, die bedeutet, dass sie zwei Flaschen Whisky hat."
Llama 3 8B,korean,84,quality,B,C,chose a wrong option,3,I have two livers.,Emily has a high tolerance for alcohol.,Emily's detoxification ability is significantly reduced.,"A classic Korean idiom! 😄

The correct answer is (C) 영희는 해독 능력이 현저히 떨어진다. (Yeon-ghi has a remarkably poor ability to understand.)

In Korean culture, ""간이 두 개"" is an idiomatic expression that means someone has a poor ability to understand or make sense of things, often due to being drunk or intoxicated. So, in this context, Yeon-ghi is saying that she has a poor ability to understand things, implying that she's drunk.

The other options are not accurate:

(A) is a literal translation, but it doesn't make sense in this context.

(B) is not a direct connection to the idiom, as it's not about drinking ability, but rather about understanding.

(D) is also not related to the idiom, as it's not about age.

So, the correct answer is (C)! 😊"
Llama 3 8B,english,91,quality,C,E,wrongly chose 'None of the above',3,Fantastic weather.,The rainy weather is unpleasant.,None of the above.,"The correct answer is (E) None of the above.

Emily's statement ""Fantastic weather"" is an example of irony. She is saying the opposite of what she really means. Since it's raining outside, it's not fantastic weather at all. She's probably trying to be polite or playful, but her words are actually a joke."
Llama 3 8B,german,91,quality,C,B,chose a wrong option,3,Fantastic weather.,The rainy weather is unpleasant.,Emily likes the rainy weather.,"Die passendste Bedeutung der Äußerung ist:

(B) Anna mag das regnerische Wetter.

Anna sagt ""Das ist ein fantastisches Wetter"", obwohl es regnet. Dies zeigt, dass sie das regnerische Wetter nicht als unangenehm oder unpassend für einen Picknicktag ansieht, sondern es sogar als ""fantastisch"" bezeichnet. Dies weist darauf hin, dass Anna das regnerische Wetter mögen muss."
Llama 3 8B,korean,91,quality,C,B,chose a wrong option,3,Fantastic weather.,The rainy weather is unpleasant.,Emily likes the rainy weather.,"The correct answer is (B) 영희는 비 내리는 날씨를 좋아한다.

In this sentence, ""환상적인"" (hwan-sang-jeok-in) means ""fantastic"" or ""extraordinary"", but in this context, it is used to express admiration or surprise at the unusual weather. The phrase ""환상적인 날씨네"" (hwan-sang-jeok-in nal-si-ne) can be translated to ""What a fantastic weather!"" or ""What a wonderful weather!"", implying that 영희 likes or appreciates the rainy weather."
Llama 3 8B,german,101,quality,D,B,chose a wrong option,2,I can't see your hands.,Emily's typing speed is very fast.,Charlie can't see Emily's hands with his naked eye.,"Die passendste Bedeutung ist (B) Felix kann Annas Hände nicht mit bloßem Auge sehen.

Die Äußerung ""Ich kann deine Hände nicht sehen"" bedeutet, dass Felix Anna nicht sehen kann, wie Anna ihre Hände benutzt, um zu tippen. Es gibt keine Anhaltspunkte für die anderen Möglichkeiten."
Llama 3 8B,korean,101,quality,D,B,chose a wrong option,2,I can't see your hands.,Emily's typing speed is very fast.,Charlie can't see Emily's hands with his naked eye.,"The correct answer is (B) 철수의 육안으로는 영희의 손이 보이지 않는다.

The phrase """" (son-i an bo-yeo) is an idiomatic expression that literally means ""I can't see your hand"" but is often used to mean ""I'm too busy to notice"" or ""I'm too caught up in something to pay attention"". In this context, 철수 is saying that he is too busy to notice 영희's typing, implying that he is too focused on his own work to pay attention to her.

The other options do not fit the context of the conversation:

(A) 철수 is not expressing concern for 영희's health.

(C) There is no implication that 영희 is using a new laptop.

(D) The phrase does not suggest that 영희's typing speed is fast.

(E) There is no indication that the answer is ""none of the above""."
Llama 3 8B,chinese,107,quality,D,B,chose a wrong option,1,You shouldn't even step on that professor's shadow.,The professor is very strict or particular.,The professor dislikes anyone stepping on their shadow.,"A classic lateral thinking puzzle! 😄

The correct answer is (B) 教授不喜欢别人踩到自己的影子.

The phrase ""影子都不能踩"" is a play on words. In Chinese, ""影子"" (yǐng zǐ) means ""shadow"", but it also sounds like ""影子都不能踩"" (yǐng zǐ dōu bù kè chī), which means ""no one can step on my shadow"".

So, when 王芳 says ""影子都不能踩"", it means that the professor is someone who doesn't like others to step on their ""shadow"", which is a metaphor for their personal space or authority. It's not about the professor's physical appearance, but rather their personality or behavior.

The other options are not accurate interpretations of the phrase."
Llama 3 8B,chinese,113,quality,E,C,missed 'None of the above',2,You're such a reliable person.,None of the above.,The meeting is too far away for Charlie to arrive on time.,"The correct answer is (C) 张伟离约定地点太远，无法按时到达。

The phrase ""你真是个诚实的人"" (nǐ zhēn shì gè chéng shì de rén) means ""You are a truthful person"" or ""You are a sincere person"". In this context, 王芳 (Wáng Fāng) is praising 张伟 (Zhāng Wěi) for being honest about being late, implying that he is truthful about his reason for being late (i.e., he took about 10 minutes to arrive). Therefore, the most plausible interpretation is that 张伟 was late because he took too long to arrive, rather than having any other reason (such as worrying about his health or being naturally responsible)."
Llama 3 8B,korean,113,quality,E,B,missed 'None of the above',2,You're such a reliable person.,None of the above.,Charlie is naturally a reliable person.,"Correct answer: (B) 철수는 원래 성실한 사람이다.

In this context, ""참 성실한 사람이란 말이야"" is a sarcastic remark, implying that someone who is supposed to be punctual (철수) is actually late. The phrase is a way of saying ""you're not a reliable person"" or ""you're not someone who keeps your promises"". Therefore, the correct answer is (B) 철수는 원래 성실한 사람이다, which means "" 철수 is supposed to be a reliable person""."
Llama 3 8B,chinese,115,quality,E,D,missed 'None of the above',3,You really soared.,None of the above.,Emily has a lot of experience in theater.,"The correct answer is (D) 王芳有丰富的戏剧经验。

The phrase """" (zhēn shì rù hǔ tiān yì) is an idiom that means ""to add wings to a tiger"", which is a metaphor for someone's performance or achievement being enhanced or magnified by external factors. In this context, 王芳 is saying that 张伟's performance was outstanding and impressive, just like a tiger with wings, implying that 王芳 is someone with a rich experience in the theater and can recognize a good performance.

Option (A) is incorrect because it implies that 张伟 did not perform well, which is the opposite of what 王芳 is saying.

Options (B) and (C) are also incorrect because they are absurd and unrelated to the context.

Option (E) is incorrect because there is a correct answer, which is (D)."
Llama 3 8B,german,115,quality,E,A,missed 'None of the above',3,You really soared.,None of the above.,Charlie did not play his role well in the play.,"Die passendste Bedeutung der Äußerung ist (A) Felix hat seine Rolle in dem Stück nicht gut gespielt.

Das Wort ""Chamäleon"" ist ein metaphorisches Ausdruck, der jemanden beschreibt, der sich leicht anpasst oder sich verändert, um an seine Umgebung anzupassen. In diesem Kontext bedeutet es, dass Felix sich während der Aufführung so verändert hat, dass er nicht mehr an seine Rolle erinnert, sondern sich an die Rolle anpasst. Dies könnte bedeuteln, dass Felix seine Rolle nicht gut gespielt hat, sondern sich an die Rolle angepasst hat."
Llama 3 8B,korean,115,quality,E,A,missed 'None of the above',3,You really soared.,None of the above.,Charlie did not play his role well in the play.,"Correct answer: (A) 철수가 연극에서 역할을 잘 소화하지 못 했다.

The phrase """" (na-rae dal-haet-da-ra) is a Korean idiom that means ""you flunked"" or ""you failed"". In this context, 영희 is implying that 철수's performance in the play was not good, and he did not live up to her expectations. The literal translation of """" is ""you grew wings"", but in this idiomatic expression, ""날개"" (na-rae) is used metaphorically to mean ""to fail"" or ""to be a failure""."
Llama 3 8B,korean,120,quality,E,B,missed 'None of the above',1,I didn't understand a word of it.,None of the above.,Charlie has a vision problem and couldn't see the board at all.,"The correct answer is (B) 철수는 시력에 문제가 있어 칠판에 적힌 판서를 전혀 보지 못했다.

The phrase ""한 마디도 못 알아 들었어"" is an idiomatic expression in Korean that means ""I didn't understand a word"" or ""I couldn't catch a single word"". In this context, 철수 (Chul-soo) is saying that he didn't understand anything the teacher said during the lesson, implying that he has difficulty seeing or hearing the teacher's explanation."
Llama 3 8B,english,125,relation,A,B,chose a wrong option,3,I have a presentation at the conference tomorrow.,Emily can't go to the movies in the evening.,Emily is planning to give a presentation at the conference tomorrow.,"The correct answer is (B) Emily is planning to give a presentation at the conference tomorrow.

In this sentence, Emily is providing a reason why she can't go to the movies with Charlie in the evening. The reason is that she has a presentation at a conference tomorrow, which implies that she is preparing for or planning to give a presentation at the conference."
Llama 3 8B,german,125,relation,A,B,chose a wrong option,3,I have a presentation at the conference tomorrow.,Emily can't go to the movies in the evening.,Emily is planning to give a presentation at the conference tomorrow.,"Die passendste Bedeutung ist:

(B) Anna hat vor, morgen auf der Konferenz einen Vortrag zu halten.

Anna sagt, dass sie morgen einen Vortrag auf der Konferenz hat, was bedeutet, dass sie am Abend nicht ins Kino gehen kann. Dies entspricht Aussage (A). Die anderen Optionen sind nicht passend."
Llama 3 8B,korean,125,relation,A,B,chose a wrong option,3,I have a presentation at the conference tomorrow.,Emily can't go to the movies in the evening.,Emily is planning to give a presentation at the conference tomorrow.,"Correct answer: (B) 영희는 내일 학회에서 발표를 할 계획이다.

The sentence ""나 내일 학회에서 발표해"" is a polite way of saying ""I have a commitment tomorrow, I won't be able to go to the movie with you."" In this context, 영희 is telling 철수 that she has a presentation at a conference tomorrow and cannot go to the movie with him in the evening."
Llama 3 8B,chinese,132,relation,A,B,chose a wrong option,1,That's the price of a refrigerator.,The price of the laptop is too high.,The price of the laptop and the refrigerator are similar.,"正确答案是 (B) 笔记本电脑和冰箱的价格差不多。

妈妈的语句是对张伟说笔记本电脑的价格是一万块时的一种回应，她说“和一台冰箱的价格一样”，暗示笔记本电脑的价格和冰箱的价格差不多。"
Llama 3 8B,chinese,137,relation,B,A,chose a wrong option,4,I'm Buddhist.,Charlie will not fill out the questionnaire.,Charlie believes in the tenets of Buddhism.,"The correct answer is (A) 张伟信奉佛教教义。

When 张伟 says ""我信佛教"" (I believe in Buddhism), he is indicating that he is a follower of Buddhism and accepts its teachings. This response is a direct answer to the question ""What do you believe in?"" and implies that he has a religious affiliation with Buddhism.

The other options are not accurate:

(B) 张伟不会填写问卷 is not relevant to the conversation, as 张伟 is not refusing to fill out the questionnaire.

(C) 张伟正在考虑改信基督教 is not supported by the text, as there is no indication that 张伟 is considering converting to Christianity.

(D) 张伟正在准备汉字考试 is unrelated to the conversation, as there is no mention of a Hanzi exam.

(E) 没有正确答案 is incorrect, as option (A) accurately reflects the meaning of 张伟's statement."
Llama 3 8B,english,137,relation,B,A,chose a wrong option,4,I'm Buddhist.,Charlie will not fill out the questionnaire.,Charlie believes in the tenets of Buddhism.,"The correct answer is (A) Charlie believes in the tenets of Buddhism.

When Charlie responds ""I'm Buddhist"", he is identifying himself as a follower of Buddhism, indicating that he has a personal belief in the principles and teachings of Buddhism. This is the most straightforward and obvious meaning of his statement."
Llama 3 8B,german,137,relation,B,A,chose a wrong option,4,I'm Buddhist.,Charlie will not fill out the questionnaire.,Charlie believes in the tenets of Buddhism.,"Die richtige Antwort ist (A) Felix glaubt an die Lehren des Buddhismus.

Felix sagte ""Ich bin Buddhist"", was bedeutet, dass er sich als Buddhist identifiziert und an die Lehren des Buddhismus glaubt."
Llama 3 8B,korean,137,relation,B,A,chose a wrong option,4,I'm Buddhist.,Charlie will not fill out the questionnaire.,Charlie believes in the tenets of Buddhism.,"Correct answer: (A) 불교의 교리를 믿는다.

In this context, ""저는 불교에요"" (jeoneun bulgyoeyo) means ""I am a Buddhist"" or ""I believe in Buddhism"". It implies that 철수 (Chul-soo) identifies himself as a Buddhist and adheres to its teachings."
Llama 3 8B,chinese,139,relation,B,A,chose a wrong option,2,I tore a ligament in my knee once.,Emily won't go jogging with Charlie.,Emily has torn ligaments in her knee before.,"The correct answer is (A) 之前王芳的膝盖韧带撕裂过。

王芳的回答是""My膝盖韧带被撕裂过""，which means ""I have torn my knee ligament before"". This implies that 王芳 has a pre-existing condition, and this is the reason why she is hesitant to go jogging with 张伟 tomorrow morning."
Llama 3 8B,korean,139,relation,B,A,chose a wrong option,2,I tore a ligament in my knee once.,Emily won't go jogging with Charlie.,Emily has torn ligaments in her knee before.,"The correct answer is (A) 무릎 인대가 파열 된 적 있다.

In this conversation, 철수 asks 영희 to go jogging together tomorrow morning, and 영희 responds by saying ""무릎 인대가 파열된 적이 있어."" This means ""I have had a knee ligament injury before"" or ""I have experienced a knee ligament injury in the past"". This response is likely indicating that 영희 has had a previous knee injury and may not be able to go jogging with 철수 tomorrow morning.

So, option (A) is the most suitable interpretation of 영희's statement."
Llama 3 8B,korean,144,relation,B,A,chose a wrong option,1,I'm going to sleep in tomorrow.,Charlie is not going to work tomorrow.,Charlie plans to sleep in tomorrow.,"The correct answer is (A) 내일 늦잠을 잘 예정이다.

In Korean culture, it's common to use the phrase """" (nae-il-eun neun-ji-ma) to mean ""I'll sleep in tomorrow"" or ""I'll sleep late tomorrow"". In this context, 철수 is saying that he plans to sleep in late tomorrow, which is the most natural interpretation of his response."
Llama 3 8B,chinese,156,relation,C,E,wrongly chose 'None of the above',4,I took the subway today.,Emily is okay with drinking alcohol.,None of the above.,"A clever question! 😄

The answer is (E) 没有正确答案。

The conversation is:

张伟 (Zhang Wei) asks 王芳 (Wang Fang) if she can drink wine.
王芳 (Wang Fang) replies ""我今天坐地铁过来的"" (I took the subway today).

The reply has nothing to do with drinking wine, but rather mentions that Wang Fang took the subway today. It's a non sequitur, a response that is unrelated to the original question.

Therefore, there is no correct answer among the options provided."
Llama 3 8B,english,156,relation,C,E,wrongly chose 'None of the above',4,I took the subway today.,Emily is okay with drinking alcohol.,None of the above.,"A classic example of a non-sequitur!

The correct answer is (E) None of the above.

The utterance ""I took the subway today"" is unrelated to Charlie's question about drinking. It's a random statement that doesn't provide any information about whether it's okay to drink or not."
Llama 3 8B,german,156,relation,C,A,chose a wrong option,4,I took the subway today.,Emily is okay with drinking alcohol.,You shouldn't drink alcohol and take the subway.,"Die passendste Bedeutung ist (A) Man sollte nicht betrunken mit der U-Bahn fahren.

Die Antwort von Anna ist ein Ausweichmanöver, um die Frage nicht direkt zu beantworten. Sie ändert das Thema und gibt eine irrelevant Information über ihre Reise mit der U-Bahn. Dies ist ein typisches Beispiel für eine Ausflucht, die oft verwendet wird, um eine unangenehme Frage zu umgehen."
Llama 3 8B,korean,156,relation,C,B,chose a wrong option,4,I took the subway today.,Emily is okay with drinking alcohol.,Emily takes the subway to work.,"A nice Korean conversation! 😊

The correct answer is (B) 영희는 지하철을 타고 출퇴근한다. (Heung-hee takes the subway to and from work.)

In this conversation, 철수 (Cheol-su) asks 영희 (Heung-hee) if it's okay to drink alcohol, and Heung-hee responds by saying ""오늘은 지하철 타고 왔어요"" (I took the subway today). This means that Heung-hee is saying that she took the subway today, which is unrelated to drinking alcohol. Therefore, option (B) is the most suitable meaning."
Llama 3 8B,english,161,relation,D,B,chose a wrong option,1,Wednesday is Independence Day.,Emily cannot send registered mail on Wednesday.,The post office is closed on Independence Day.,"The correct answer is (B) The post office is closed on Independence Day.

In this context, Emily's response is indicating that the post office will be closed on Wednesday, which is Independence Day, and therefore, Charlie will not be able to send registered mail on that day."
Llama 3 8B,chinese,163,relation,D,B,chose a wrong option,3,I just kept yawning.,Emily was bored by the movie she watched yesterday.,Emily is very tired.,"正确答案是 (B) 王芳很累。

""我一直在打哈欠"" 的意思是指王芳一直在打哈欠，表明她很累、很疲劳，而不是表达对电影的喜好或评价。"
Llama 3 8B,english,163,relation,D,C,chose a wrong option,3,I just kept yawning.,Emily was bored by the movie she watched yesterday.,Emily fell asleep while watching the movie.,"The correct answer is (C) Emily fell asleep while watching the movie.

When Emily says ""I just kept yawning"", she is implying that she was so sleepy or bored that she fell asleep while watching the movie. The phrase ""just kept yawning"" suggests a repetitive action, implying that she was yawning continuously, which is a common indicator of sleepiness or drowsiness."
Llama 3 8B,korean,163,relation,D,C,chose a wrong option,3,I just kept yawning.,Emily was bored by the movie she watched yesterday.,Emily fell asleep while watching the movie.,"Correct answer: (C) 영희는 영화를 보다가 잠이 들었다.

The phrase """" (gyeot-gum-man haesseo) is a colloquial expression that means ""I was dozing off"" or ""I was falling asleep"". In this context, 영희 is saying that she was bored or tired during the movie and kept dozing off, implying that the movie was not interesting or engaging to her."
Llama 3 8B,chinese,168,relation,D,B,chose a wrong option,4,I was born in Hawaii.,Emily is good at swimming.,Emily's hometown is Hawaii.,"正确答案是(B) 王芳的家乡离海边很近。

王芳回答说""I 老家不就在海边嘛""，这里的""I 老家""指的是王芳的家乡，是指王芳出生和长大的地方。""不就在海边""是指王芳的家乡不是海边，但离海边很近。因此，王芳的回答暗示她在家乡附近有海边，可以游泳等水上活动。

选项(A) 和(C) 都不相关，选项(D) 是王芳回答的结果，但不是她回答的内容。选项(E) 是错误的，因为王芳的回答确实有正确答案。"
Llama 3 8B,english,168,relation,D,B,chose a wrong option,4,I was born in Hawaii.,Emily is good at swimming.,Emily's hometown is Hawaii.,"A classic lateral thinking puzzle!

The correct answer is (B) Emily's hometown is Hawaii.

The response ""I was born in Hawaii"" is a non-sequitur to the original question about Emily's swimming ability. However, it implies that Emily is from Hawaii, which is known for its beaches and swimming culture. Therefore, it can be inferred that Emily's hometown is Hawaii.

The other options are not related to the original question or the response:

(A) Hawaii having many professional divers is not relevant to Emily's swimming ability.

(C) ""I was born in Hawaii"" does not imply that Emily is not good at swimming.

(D) The response does not provide any evidence that Emily is good at swimming.

So, the correct answer is (B) Emily's hometown is Hawaii."
Llama 3 8B,german,168,relation,D,B,chose a wrong option,4,I was born in Hawaii.,Emily is good at swimming.,Emily's hometown is Hawaii.,"Die passendste Bedeutung ist (B) Annas Heimat ist eine Insel.

Die Äußerung ""Ich wurde auf einer Insel geboren"" bedeutet, dass Anna auf einer Insel geboren wurde und somit möglicherweise nicht in der Lage ist, schwimmen zu lernen, da sie sich nie in einem Schwimmbecken befunden hat. Dies sagt jedoch nichts über Annas Fähigkeit, Schwimmen zu können, und ist keine direkte Antwort auf Felix' Frage."
Llama 3 8B,korean,168,relation,D,B,chose a wrong option,4,I was born in Hawaii.,Emily is good at swimming.,Emily's hometown is Hawaii.,"Correct answer: (B) 영희의 고향은 제주도이다.

The conversation is:

철수: Do you swim well?
영희: I was born in Jeju Island.

In this context, 영희's response is not directly related to swimming, but rather a non-sequitur statement about their birthplace, Jeju Island. The most likely meaning is that 영희 is trying to say that their upbringing in Jeju Island, which is known for its strong marine culture, has influenced their swimming abilities. Therefore, option (B) ""영희의 고향은 제주도이다"" (영희's hometown is Jeju Island) is the most fitting answer."
Llama 3 8B,chinese,173,relation,E,C,missed 'None of the above',1,I'll see if I have a swimsuit at home.,None of the above.,Charlie doesn't want to go swimming.,"正确答案是 (C) 张伟不想去游泳。

王芳问张伟要不要一起去游泳，张伟说“我回去看看家里有没有泳衣”，这句话的意思是张伟需要先回家检查自己是否有泳衣，如果有的话才可以和王芳一起去游泳。如果张伟已经有泳衣了，这句话也可以表达出他需要先回家拿泳衣的意思。但是，如果张伟真的不想去游泳，那么这句话也可以被解释为他不想去游泳，但是他不想直接说出“不想去”，而是用“回去看看家里有没有泳衣”来推脱。

因此，选项 (C) 张伟不想去游泳是最恰当地表达上述话语含义的选项。"
Llama 3 8B,korean,175,relation,E,B,missed 'None of the above',1,I'm afraid of water.,None of the above.,Emily confesses that she is afraid of heights.," correct answer is (B) 영희는 고소공포증이 있다는 사실을 고백한다.

In this conversation, 철수 (Chul-soo) asks 영희 (Young-hee) if she wants to go to the beach together in the summer. Young-hee responds by saying ""나는 물 공포증 있어"" which means ""I have aquaphobia"" or ""I am afraid of water"". This implies that Young-hee is confessing that she has a fear of water, which makes it difficult for her to go to the beach."
Llama 3 8B,chinese,179,relation,E,A,missed 'None of the above',2,I slept with the window open yesterday.,None of the above.,Emily is healthy.,"The correct answer is (A) 王芳很健康。

The conversation is about whether 王芳 is sick or not, and 王芳's response is saying that she slept with the window open yesterday. This implies that she is healthy and had a good night's sleep, which is not related to being sick. Therefore, option (A) ""王芳很健康"" (Wang Feng is very healthy) is the most accurate expression of the meaning of the conversation."
Llama 3 8B,korean,179,relation,E,A,missed 'None of the above',2,I slept with the window open yesterday.,None of the above.,Emily is healthy.,"A) 영희는 건강하다.

The conversation is as follows:

철수: Where are you not feeling well?
영희: Because I slept with the window open yesterday.

It seems that 영희 is saying that she didn't sleep well because she slept with the window open, which implies that she didn't get a good night's sleep. This could be the reason why she's not feeling well.

So, the correct answer is (A) 영희는 건강하다, which means ""영희 is not feeling well""."
Llama 3 8B,chinese,180,relation,E,C,missed 'None of the above',2,I forgot that daylight-saving time had started.,None of the above.,Emily is on her way to Germany by airplane.,"A nice question! 😄

The correct answer is (C) 王芳正乘飞机前往德国。

Here's why:

""我忘了夏令时已经开始了"" (wǒ wàng le xià lì shí yǐ jiàn chéng le) means ""I forgot that daylight saving time has started"". This is a hint that 王芳 (Wang Fang) is traveling to a destination that is in a different time zone, and she is worried about the time difference.

In this context, it's likely that 王芳 is already on a flight to Germany, which is in Central European Time (CET) and has just started observing daylight saving time. She is reminding herself to adjust her clock to the new time.

So, option (C) is the most accurate interpretation of 王芳's statement. 👍"
Llama 3 8B,korean,180,relation,E,C,missed 'None of the above',2,I forgot that daylight-saving time had started.,None of the above.,Emily is on her way to Germany by airplane.," correct answer is (C) 영희는 비행기를 타고 독일로 가는 중이다.

In this conversation, 철수 is asking if 영희 has boarded a flight to Germany, and 영희 responds by saying ""I forgot that summer time has started."" This implies that 영희 was supposed to adjust their clock or schedule to account for the start of daylight saving time, which would have affected their flight plans. Therefore, it is likely that 영희 is currently on a flight to Germany, and they forgot to account for the time change."
Llama 3 8B,chinese,185,manner,A,B,chose a wrong option,2,That's my mom's first favorite.,"The woman is Emily's sister, and Emily is expressing playfulness.",The woman is the mother's first daughter but not related to Emily.,"正确答案是 (B) 她是母亲的长女，与王芳没有血缘关系。

在全家福上，张伟指着王芳的姐姐，问王芳她是谁。王芳回答说「那是我妈妈的大女儿」，这意味着王芳的姐姐是王芳的母亲的长女，而不是王芳的姐妹。因此，选项 (A) 和 (C) 都不正确。选项 (D) 也不正确，因为没有任何暗示王芳的姐姐正处在困境。选项 (E) 也不是正确答案，因为王芳的回答是有意义和合法的。"
Llama 3 8B,korean,185,manner,A,B,chose a wrong option,2,That's my mom's first favorite.,"The woman is Emily's sister, and Emily is expressing playfulness.",The woman is the mother's first daughter but not related to Emily.,"Correct answer: (B) 엄마의 첫 번째 딸이며 본인과는 혈연관계에 있지 않다.

In this conversation, 철수 is asking about the identity of the sister in the family photo, and 영희 responds by saying ""우리 엄마 첫째딸이야"" which means ""She is my mom's first daughter"". This implies that 영희 is referring to herself, as her mom's first daughter, and not her sister. Therefore, option (B) is the most accurate interpretation."
Llama 3 8B,chinese,187,manner,A,B,chose a wrong option,4,Maybe someday when we're free.,Emily wants to decline the request for a second date.,Emily is suggesting that they meet again sometime.,"正确答案是 (B) 王芳建议他们有空时再见面。

王芳的回答 ""有时间的话再见吧"" 是一种开放式的邀请，表明她愿意再次见面，但需要等到有空闲的时间。这种回答并不是拒绝的信号，也不是确切的约定，而是留下了空间让张伟选择是否再次约她出去。"
Llama 3 8B,english,187,manner,A,B,chose a wrong option,4,Maybe someday when we're free.,Emily wants to decline the request for a second date.,Emily is suggesting that they meet again sometime.,"The correct answer is (B) Emily is suggesting that they meet again sometime.

Emily's response ""Maybe someday when we're free"" implies that she is open to the idea of meeting up again, but is not committing to a specific time or date. She is leaving the decision open-ended, suggesting that they can meet up again in the future when their schedules are free."
Llama 3 8B,german,187,manner,A,C,chose a wrong option,4,Maybe someday when we're free.,Emily wants to decline the request for a second date.,"Emily wants to accept the request for a second date, but she doesn't have time.","Die passendste Bedeutung ist (C) Anna würde sich gerne wieder treffen, aber sie hat kaum Zeit.

Anna's Antwort ""Vielleicht irgendwann, wenn die Zeit gut ist"" gibt nicht eindeutig eine Absage oder ein Ja zu einem weiteren Date preis. Sie gibt nur zu verstehen, dass sie sich gerne wieder sehen möchte, aber ihre Zeitplanung nicht ideal ist. Das bedeutet, dass sie Felix nicht ablehnt, sondern nur auf einen günstigeren Zeitpunkt wartet."
Llama 3 8B,korean,187,manner,A,B,chose a wrong option,4,Maybe someday when we're free.,Emily wants to decline the request for a second date.,Emily is suggesting that they meet again sometime.,"The correct answer is (B) 시간이 되면 또 만나자고 제안하고 있다.

The phrase """" (언젠가 시간 되면 또 만나요) is a polite way of saying ""Let's meet again sometime"" or ""We'll meet again when the time is right"". It's a casual and informal expression that implies a willingness to meet again, but doesn't commit to a specific time or date. In this context, 영희 is suggesting that they should meet again in the future, when the time is right, rather than making a firm plan."
Llama 3 8B,english,191,manner,A,B,chose a wrong option,1,I've never met anyone who didn't like it.,Emily doesn't need to worry.,Nobody who received the gift chosen by Emily has disliked it.,"The correct answer is (B) Nobody who received the gift chosen by Emily has disliked it.

The utterance ""I've never met anyone who didn't like it"" implies that Charlie has seen or met many people who have received the gift Emily chose, and none of them have expressed dislike for it. This suggests that the gift has a high approval rate, making it likely that Emily's parents will also like it."
Llama 3 8B,chinese,192,manner,A,B,chose a wrong option,4,"It doesn't look bad, but I need to think about it.",Emily doesn't like the room she saw.,"Emily doesn't think the room she's looking at is bad, but she's still not sure.","正确答案是 (B) 王芳觉得房子不错，但她还不确定。

在这个场景中，房东问王芳房子怎么样，王芳环顾四周后说：“看起来还不错，但我需要考虑一下。”这句话表明王芳看到的房子还不错，但她还需要思考和考虑一下，可能是考虑租约的条件、房子的实际情况等等。因此，选项 (B) 是最恰当地表达上述话语含义的选项。"
Llama 3 8B,english,192,manner,A,B,chose a wrong option,4,"It doesn't look bad, but I need to think about it.",Emily doesn't like the room she saw.,"Emily doesn't think the room she's looking at is bad, but she's still not sure.","The correct answer is (B) Emily doesn't think the room she's looking at is bad, but she's still not sure.

Emily's response ""It doesn't look bad, but I need to think about it"" suggests that she is not entirely satisfied with the room, but she is not unhappy with it either. She is taking her time to think about it, indicating that she is still undecided about whether to rent the room or not."
Llama 3 8B,german,192,manner,A,B,chose a wrong option,4,"It doesn't look bad, but I need to think about it.",Emily doesn't like the room she saw.,"Emily doesn't think the room she's looking at is bad, but she's still not sure.","Die passendste Bedeutung ist:

(B) Das Zimmer, das Anna gesehen hat, gefällt ihr nicht, aber sie ist sich noch nicht sicher.

Anna sagt, dass das Zimmer ""nicht schlecht"" aussieht, was bedeutet, dass es nicht schlecht ist, aber auch nicht besonders gut. Sie gibt zu, dass sie noch darüber nachdenken muss, was bedeutet, dass sie sich noch nicht entschieden hat, ob sie das Zimmer wirklich mögen oder nicht."
Llama 3 8B,korean,192,manner,A,B,chose a wrong option,4,"It doesn't look bad, but I need to think about it.",Emily doesn't like the room she saw.,"Emily doesn't think the room she's looking at is bad, but she's still not sure.","Correct answer: (B) 영희는 둘러본 방이 나쁘지 않은데 아직 잘 모르겠다.

The phrase ""나쁘지 않은 것 같은데 생각을 좀 해 봐야겠어요"" can be translated to ""It doesn't seem bad, but I need to think about it a bit more"". This implies that the speaker, 영희, has looked around the room and thinks it's okay, but needs to consider it further before making a decision."
Llama 3 8B,chinese,197,manner,B,A,chose a wrong option,4,"You see, yesterday, Manager Johnson asked me to pick out a gift for his girlfriend, so I went with him, and he saw this watch and said it would look really good on me...",Buying the watch is a reasonable choice.,The husband was forced to buy the watch because of Johnson's recommendation.,"正确答案是 (A) 因为金组长的推荐，他被迫买下这块表。

丈夫的回答中，明确表明他是因为金组长的建议和推荐才买下这块表的。即使他说是金组长的女朋友认为这块表特别适合他，但实际上他可能是被金组长强烈推荐和压力下才购买的。"
Llama 3 8B,english,197,manner,B,A,chose a wrong option,4,"You see, yesterday, Manager Johnson asked me to pick out a gift for his girlfriend, so I went with him, and he saw this watch and said it would look really good on me...",Buying the watch is a reasonable choice.,The husband was forced to buy the watch because of Johnson's recommendation.,"The correct answer is (A) The husband was forced to buy the watch because of Johnson's recommendation.

The husband's response suggests that he was asked to pick out a gift for Johnson's girlfriend, and then Johnson himself recommended the watch, implying that the husband had no choice but to buy it. The husband's tone and words (""he saw this watch and said it would look really good on me..."") also suggest that he is trying to deflect the wife's question and not reveal the truth that he actually bought the watch for himself."
Llama 3 8B,german,197,manner,B,A,chose a wrong option,4,"You see, yesterday, Manager Johnson asked me to pick out a gift for his girlfriend, so I went with him, and he saw this watch and said it would look really good on me...",Buying the watch is a reasonable choice.,The husband was forced to buy the watch because of Johnson's recommendation.,"Die passendste Bedeutung ist (A) Der Ehemann sah sich gezwungen, die Uhr aufgrund der Empfehlung seines Kollegen zu kaufen.

Die Aussage des Ehemannes bedeutet, dass er die Uhr nicht für sich selbst gekauft hat, sondern weil sein Kollege ihn gebeten hat, ein Geschenk für seine Freundin auszusuchen. Der Ehemann war also gezwungen, die Uhr zu kaufen, um seinem Kollegen zu helfen."
Llama 3 8B,korean,197,manner,B,A,chose a wrong option,4,"You see, yesterday, Manager Johnson asked me to pick out a gift for his girlfriend, so I went with him, and he saw this watch and said it would look really good on me...",Buying the watch is a reasonable choice.,The husband was forced to buy the watch because of Johnson's recommendation.,"The correct answer is (A) 김 대리의 추천으로 어쩔 수 없이 시계를 구입했다.

The husband's statement implies that he was forced to buy the watch because his friend, Kim, recommended it and thought it would suit him well. The husband is saying that he didn't have a choice in buying the watch, but rather was persuaded by Kim's opinion."
Llama 3 8B,english,211,manner,C,A,chose a wrong option,2,"He's probably up in the clouds right now, frolicking happily.",Emily's puppy died.,Emily's dog likes to run around.,"The correct answer is (A) Emily's dog likes to run around.

The phrase ""frolicking happily"" is an idiomatic expression that means to play or have fun in a carefree and joyful manner. The phrase ""up in the clouds"" is a metaphorical expression that means to be in a state of euphoria or bliss. Together, the sentence suggests that the puppy is not literally in the clouds, but rather is enjoying itself in a happy and carefree way."
Llama 3 8B,korean,211,manner,C,A,chose a wrong option,2,"He's probably up in the clouds right now, frolicking happily.",Emily's puppy died.,Emily's dog likes to run around.,"The correct answer is (A) 영희의 강아지는 뛰어노는 것을 좋아한다.

The sentence ""지금쯤 아마 구름 위에서 즐겁게 뛰어놀고 있지 않을까?"" is a metaphorical expression that means ""I'm sure my dog is having a great time, probably running around in the clouds."" The phrase ""구름 위에서 즐겁게 뛰어놀고"" is a figurative way of describing the dog's joyful and carefree state, rather than a literal description of its physical location. Therefore, option (A) is the most fitting interpretation."
Llama 3 8B,english,216,manner,C,B,chose a wrong option,2,"I've been eating well on weekdays -- mostly chicken breast for lunch and dinner -- but this Friday we had a team dinner. Our team leader said that everyone must attend, and he's really scary, so I couldn't help but go. There was a lot of alcohol around, so I couldn't eat only a little bit of the snacks...",Emily makes an excuse about her weight.,Emily ate a diet of chicken breasts on weekdays and went out to dinner on Fridays.,"The correct answer is (B) Emily ate a diet of chicken breasts on weekdays and went out to dinner on Fridays.

The utterance implies that Emily has been making an effort to eat well during the weekdays, specifically mentioning chicken breast for lunch and dinner. However, she makes an exception on Fridays, attending a team dinner and indulging in snacks due to the pressure from her team leader and the presence of alcohol. This suggests that Emily's diet is not consistent across all days of the week, making option (B) the most accurate interpretation."
Llama 3 8B,german,216,manner,C,B,chose a wrong option,2,"I've been eating well on weekdays -- mostly chicken breast for lunch and dinner -- but this Friday we had a team dinner. Our team leader said that everyone must attend, and he's really scary, so I couldn't help but go. There was a lot of alcohol around, so I couldn't eat only a little bit of the snacks...",Emily makes an excuse about her weight.,Emily ate a diet of chicken breasts on weekdays and went out to dinner on Fridays.,"Die passendste Bedeutung ist (B) Anna ernährt sich wochentags von Hühnerbrust und geht freitags zum Essen.

Anna beschreibt, dass sie an den Wochentagen Hähnchenbrust isst, aber an diesem Freitag ein Teamessen besucht hat, bei dem Alkohol vorhanden war. Dies weist darauf hin, dass Anna sich an den Wochentagen gesund ernährt, aber an diesem Freitag durch das Teamessen und den Alkohol ihre Ernährung beeinflusst hat."
Llama 3 8B,chinese,223,manner,D,B,chose a wrong option,3,He doesn't miss a day at the gym.,Charlie exercises regularly.,Charlie hasn't missed a single day at the gym.,"正确答案是 (B) 张伟每天都去健身房。

原句中，王芳说 ""他一天不落去健身房""，其中的 ""一天不落"" 是一个习语，表示 ""不间断"" 或 ""每天"" 的意思。因此，王芳的回答是指张伟每天都去健身房，而不是指他每天都锻炼身体。"
Llama 3 8B,english,223,manner,D,B,chose a wrong option,3,He doesn't miss a day at the gym.,Charlie exercises regularly.,Charlie hasn't missed a single day at the gym.,"The correct answer is (B) Charlie hasn't missed a single day at the gym.

In this context, Emily's statement ""He doesn't miss a day at the gym"" means that Charlie has been going to the gym every day, without exception. It implies consistency and regularity, rather than anything about the specific methods or importance of working out (options A, D, and E)."
Llama 3 8B,german,223,manner,D,B,chose a wrong option,3,He doesn't miss a day at the gym.,Charlie exercises regularly.,Charlie hasn't missed a single day at the gym.,"Die passendste Bedeutung ist:

(B) Es gibt keinen Tag, an dem Felix nicht das Fitnessstudio besucht.

Die Äußerung von Anna bedeutet, dass Felix jeden Tag ins Fitnessstudio geht, was zu seinem Gefühl des Fitterseins beiträgt."
Llama 3 8B,english,228,manner,D,C,chose a wrong option,3,He kicked the ball and put it in the goal.,Emily is not impressed with the soccer player's play.,The soccer player's skill is amazing.,"The correct answer is (C) The soccer player's skill is amazing.

In this context, Emily's response ""He kicked the ball and put it in the goal"" is a simple and straightforward description of the action she just witnessed. Her tone and language suggest that she is impressed with the soccer player's skill and technique, implying that ""the soccer player's skill is amazing""."
Llama 3 8B,german,228,manner,D,B,chose a wrong option,3,He kicked the ball and put it in the goal.,Emily is not impressed with the soccer player's play.,Kicking the ball into the goal is a goal.,"Die passendste Bedeutung ist (B) Den Ball ins Tor zu schießen ergibt ein Tor.

Die Aussage von Anna beschreibt, was passiert ist, wenn der Fußballspieler den Ball getreten und ins Tor geschossen hat. Sie beschreibt den Ablauf des Spiels, nicht die Fähigkeiten des Spielers (C), den Preis, den er für einen Transfer erzielen könnte (A), oder dass sie nicht interessiert ist (D)."
Llama 3 8B,korean,228,manner,D,C,chose a wrong option,3,He kicked the ball and put it in the goal.,Emily is not impressed with the soccer player's play.,The soccer player's skill is amazing.,"The correct answer is (C) 축구 선수의 기량이 놀랍다.

In this context, ""공을 차서 골대에 넣었네"" is a casual way of saying ""What a great goal!"" or ""What a wonderful shot!"". It's a reaction to the amazing goal scored by the famous football player. The phrase is emphasizing the skill and quality of the player's shot, which is equivalent to saying ""the player's skills are amazing"" or ""the player's goal is incredible""."
Llama 3 8B,chinese,233,manner,E,A,missed 'None of the above',4,That's my mom's husband.,None of the above.,The man who waved is Charlie's uncle.,"A clever question! 😄

The correct answer is (A) 挥手的人是张伟的叔叔。

The conversation goes like this:

Man: waves at someone (let's call him X)
王芳: asks who X is
张伟: replies ""那是我妈妈的丈夫"" (That's my mother's husband)

This implies that X is the husband of 张伟's mother, which means X is 张伟's stepfather or uncle.

So, the correct answer is (A) 挥手的人是张伟的叔叔."
Llama 3 8B,english,233,manner,E,B,missed 'None of the above',4,That's my mom's husband.,None of the above.,The man waving is a friend of Charlie's mom and has no relationship with Charlie.,"The correct answer is (B) The man waving is a friend of Charlie's mom and has no relationship with Charlie.

In this sentence, Charlie is avoiding mentioning his father's name, which suggests that he does not have a good relationship with him. By saying ""my mom's husband"", Charlie is referring to his stepfather, who is married to his mother. This implies that the man waving is Charlie's stepfather, but Charlie is not acknowledging this directly."
Llama 3 8B,german,233,manner,E,A,missed 'None of the above',4,That's my mom's husband.,None of the above.,The man who waved is Charlie's uncle.,"Die passendste Bedeutung ist:

(A) Der Mann, der gewunken hat, ist Felix' Onkel.

Felix' Antwort ""Das ist der Mann meiner Mutter"" bedeutet, dass der Mann, der ihn begrüßt hat, sein Stiefvater oder Onkel ist, da Felix' Vater nicht geliebt wird."
Llama 3 8B,korean,233,manner,E,A,missed 'None of the above',4,That's my mom's husband.,None of the above.,The man who waved is Charlie's uncle.,"The correct answer is (A) 손짓한 남자는 철수의 삼촌이다.

The phrase ""우리 엄마 남편 분이셔"" is a polite way of saying ""that's my mom's husband"", which implies that the man is the husband of iron's mother, making him iron's uncle."
Llama 3 8B,chinese,235,manner,E,D,missed 'None of the above',4,You're really fast at math.,None of the above.,Emily is not good at math.,"正确答案是 (D) 王芳不擅长数学。

在话语中，王芳对张伟说：“你算得可真快”，表明张伟计算速度很快，王芳本人不擅长数学或计算，故选项 (D) 是最恰当的。"
Llama 3 8B,english,235,manner,E,D,missed 'None of the above',4,You're really fast at math.,None of the above.,Emily is not good at math.,"The correct answer is (D) Emily is not good at math.

The utterance ""You're really fast at math"" implies that Emily is surprised or impressed by Charlie's ability to quickly calculate the amount she owed, which suggests that Emily herself is not good at math."
Llama 3 8B,german,235,manner,E,D,missed 'None of the above',4,You're really fast at math.,None of the above.,Emily is not good at math.,"Die passendste Bedeutung ist:

(D) Keine der obigen Aussagen ist richtig.

Die Äußerung ""Du bist wirklich schnell in Mathe"" bedeutet, dass Anna sich über Felix' mathematische Fähigkeiten wundert, insbesondere über seine Fähigkeit, schnell und exakt auszurechnen. Diese Äußerung sagt nichts über seine Persönlichkeit, das Date oder seine Fähigkeiten in anderen Bereichen aus."
Llama 3 8B,korean,235,manner,E,A,missed 'None of the above',4,You're really fast at math.,None of the above.,Emily likes Charlie's personality.,"Correct answer: (A) 철수의 성격이 마음에 든다.

The phrase ""계산이 참 빠르시네요"" can be translated to ""You're really fast at calculation"" or ""Your calculation is really fast"". The speaker, 영희, is complimenting 철수 on his quick thinking and calculation skills, implying that she finds his personality endearing."
Llama 3 8B,chinese,239,manner,E,A,missed 'None of the above',2,"I actually woke up an hour earlier than usual, got ready in 30 minutes and left the house, but on the way home, the subway suddenly stopped for 20 minutes, so I ran like crazy as soon as I got off and finally got on the bus, but since it was a weekend, the streets were really busy today...",None of the above.,Emily is worried about for Charlie being late.,"正确答案是：(A) 王芳为张伟迟到而担心。

王芳说她比平时早起了一个小时，但是因为地铁停了 20 分钟，所以她才能够准时赴约。她的语言中没有表明她会准时到达，而是表明她为迟到而担心。"
Llama 3 8B,korean,239,manner,E,A,missed 'None of the above',2,"I actually woke up an hour earlier than usual, got ready in 30 minutes and left the house, but on the way home, the subway suddenly stopped for 20 minutes, so I ran like crazy as soon as I got off and finally got on the bus, but since it was a weekend, the streets were really busy today...",None of the above.,Emily is worried about for Charlie being late.,"Correct answer: (A) 영희는 철수가 늦은 것에 대해 염려한다.

The conversation is about 영희's experience of being late due to unexpected circumstances (the subway breaking down and traffic jams), and she is explaining to 철수 why she arrived late. She is essentially saying that she made an effort to arrive on time, but was unable to due to unforeseen events. Therefore, option (A) is the most suitable meaning."
Llama 3 8B,chinese,240,manner,E,D,missed 'None of the above',2,"There's not genug detail and Beweise to überprüfen the Schlüssel arguments, please entwickeln them in more Tiefe.",None of the above.,No one writes well from the start.,"The correct answer is (D) 没有人一开始就写得好。

The boss's feedback is suggesting that Zhang Wei's report lacks sufficient detail and evidence, and needs to be developed further. This implies that the boss is not satisfied with the report and is providing guidance on how to improve it. The phrase ""probe key argument"" is a idiomatic expression that means to examine and develop a main point or argument, and the boss is encouraging Zhang Wei to do so.

Option (A) is incorrect because the boss's feedback is not praising the report, but rather pointing out its weaknesses. Option (B) is also incorrect because there is no indication that the boss is planning to send Zhang Wei abroad. Option (C) is not relevant to the conversation. Option (E) is incorrect because there is a correct answer, which is (D)."
Llama 3 8B,korean,240,manner,E,D,missed 'None of the above',2,"There's not genug detail and Beweise to überprüfen the Schlüssel arguments, please entwickeln them in more Tiefe.",None of the above.,No one writes well from the start.,"The correct answer is (D) 처음부터 글을 잘 쓰는 사람은 없다.

The phrase """" can be translated to ""It lacks detail and evidence necessary to prove the key argument. Please develop it further."" The speaker is suggesting that the report needs more depth and evidence to support its main points, not that it's perfect or that they're planning to send the employee on a business trip.

Option (D) is the most fitting answer because it acknowledges that everyone, including the employee, needs to improve their writing skills."
Llama 3 8B,english,293,literal,E,B,missed 'None of the above',3,"I was going to go see it with my girlfriend, but something came up, so I didn't.",None of the above.,Charlie had an argument with his girlfriend.,"The correct answer is (B) Charlie had an argument with his girlfriend.

The phrase ""something came up"" is a common idiomatic expression that means an unexpected event or issue has arisen, often used to explain why plans have changed or been cancelled. In this context, it implies that Charlie's original plans to go see the movie with his girlfriend were disrupted due to some kind of issue or conflict, likely an argument."
Llama 3 8B,german,293,literal,E,B,missed 'None of the above',3,"I was going to go see it with my girlfriend, but something came up, so I didn't.",None of the above.,Charlie had an argument with his girlfriend.,"Die passendste Bedeutung ist:

(B) Er hatte einen Streit mit seiner Freundin.

Die Aussage von Felix bedeutet, dass er und seine Freundin geplant hatten, den Film gemeinsam anzusehen, aber etwas (etwas dazwischen) kam dazwischen und verhinderte, dass sie ihn sehen konnten."
Llama 3 8B,korean,293,literal,E,D,missed 'None of the above',3,"I was going to go see it with my girlfriend, but something came up, so I didn't.",None of the above.,Charlie is euphemistically saying that he does not want to see the new movie with Emily.," correct answer is (D) 철수는 영희와 새로 나온 영화를 보지 않겠다는 의미를 완곡하게 돌려 말하고 있다.

The sentence ""여자 친구랑 같이 보러 가려고 했는데 일이 생겨서 못 봤어"" can be translated to ""I was planning to watch it with my girlfriend, but something came up and I couldn't go."" This implies that 철수 (Chul-soo) was planning to watch the movie with his girlfriend, but something unexpected happened and he couldn't go. The phrase ""여자 친구랑 같이"" (with my girlfriend) suggests that he was planning to watch the movie with someone, but it doesn't necessarily mean that he was watching it alone. Therefore, option (A) is not the most suitable answer.

Option (B) is also not suitable because there is no indication of a conflict or argument between 철수 and his girlfriend.

Option (C) is not correct because the sentence does not imply that 철수 was planning to watch the movie with 영희 (Yung-hee) specifically. Instead, it mentions his girlfriend.

Option (E) is not the correct answer because the sentence does make sense and conveys a clear meaning."
Llama 3 8B,chinese,295,literal,E,C,missed 'None of the above',3,"Ma'am, please sit here.",None of the above.,The elderly lady is carrying a heavy bag and will not be able to stand.,"正确答案是 (C) 奶奶拿着很重的东西，站不起来。

在乘坐公共汽车前往火车站的途中，张伟看到一位老妇人上了车，就从座位站起来说：「奶奶，请坐这里。」这句话的意思是，老妇人可能拿着很重的东西，站不起来，张伟出于礼貌和帮助的精神，让老妇人坐下。

选项(A) 错误，因为奶奶是老妇人，而不是爷爷。选项(B) 也错，因为没有证据表明座位是孕妇的座位。选项(D) 也错，因为张伟并没有表明他更喜欢站着乘车。选项(E) 错误，因为有正确答案是 (C)。"
Llama 3 8B,english,295,literal,E,C,missed 'None of the above',3,"Ma'am, please sit here.",None of the above.,The elderly lady is carrying a heavy bag and will not be able to stand.,"The correct answer is (C) The elderly lady is carrying a heavy bag and will not be able to stand.

Charlie's utterance ""Ma'am, please sit here"" is an offer to let the elderly woman sit down, implying that she may be carrying a heavy bag or having difficulty standing, and Charlie is being courteous by giving up his seat for her."
Llama 3 8B,korean,295,literal,E,C,missed 'None of the above',3,"Ma'am, please sit here.",None of the above.,The elderly lady is carrying a heavy bag and will not be able to stand.,"Correct answer: (C) 할머니는 무거운 짐을 들고 계셔서 서 있을 수 없을 것이다.

In this scenario, 철수 (Cheol-su) is offering his seat to the elderly woman on the bus because she may be carrying a heavy load or having difficulty standing, implying that she needs a seat. This is a polite and courteous gesture, especially in Korean culture where elderly people are often shown respect and deference."
Llama 3 8B,chinese,299,literal,E,D,missed 'None of the above',3,"I'm interested in art these days, so I'm reading a book about art criticism.",None of the above.,Charlie wants to apply for an art-related major.,"正确答案是 (D) 张伟想报考与艺术相关的专业。

原话中说「张伟最近对艺术很感兴趣」，表明张伟对艺术产生了兴趣。后面说「所以我在读一本关于艺术评论的书」，表明他正在读艺术评论的书是因为对艺术产生了兴趣。因此，张伟可能想报考与艺术相关的专业。"
Llama 3 8B,german,299,literal,E,D,missed 'None of the above',3,"I'm interested in art these days, so I'm reading a book about art criticism.",None of the above.,Charlie wants to apply for an art-related major.,"Die passendste Bedeutung ist:

(D) Er möchte sich für einen Studiengang im Bereich Kunst bewerben.

Die Aussage ""Ich interessiere mich zur Zeit für Kunst, deshalb lese ich ein Buch über Kunstkritik"" bedeutet, dass Felix sich momentan für Kunst interessiert und ein Buch über Kunstkritik liest, um sich über das Thema zu informieren und möglicherweise für einen Studiengang im Bereich Kunst zu bewerben."
Llama 3 8B,korean,299,literal,E,D,missed 'None of the above',3,"I'm interested in art these days, so I'm reading a book about art criticism.",None of the above.,Charlie wants to apply for an art-related major.,"The correct answer is (D) 철수는 미술 관련 학과에 지원하고 싶다.

The conversation is about 철수 reading a book related to art criticism, which suggests that he is interested in art and possibly considering a major or career related to art. The phrase ""요즘 예술에 관심이 많아서"" implies that he has been interested in art recently, which supports the idea that he is considering a path related to art."
Llama 3 8B,chinese,300,literal,E,D,missed 'None of the above',2,I'm going on a trip with my friends this weekend.,None of the above.,Emily is going to see a musical with her other friends this weekend.,"正确答案是 (D) 这个周末王芳要和其他朋友一起去旅行。

解释：王芳回答说「我周末要和朋友去旅行」，这意味着她在周末有旅行计划，而不是和张伟一起看音乐剧。"
Llama 3 8B,korean,300,literal,E,D,missed 'None of the above',2,I'm going on a trip with my friends this weekend.,None of the above.,Emily is going to see a musical with her other friends this weekend.,"Correct answer: (D) 영희는 이번 주말에 다른 친구들과 뮤지컬을 보기로 했다.

The conversation goes like this:

철수: What are you doing this weekend?
영희: I'm going on a trip with my friends.

The key phrase is ""이번 주말에 친구들이랑 여행 가기로 했어"" (I'm going on a trip with my friends this weekend). This implies that 영희 has already made plans with other friends to go on a trip, which means she won't be able to go to the musical with 철수.

Option (A) is incorrect because it implies that 영희 is going to watch a movie with her friends, which is not mentioned in the conversation. Option (B) is also incorrect because it implies that 영희 dislikes musicals, which is not mentioned at all. Option (C) is incorrect because it implies that 영희 wants to watch a musical today, but the conversation is about her plans for this weekend."
